,Last4_ID,subject,instructor,q_num,topic,answer,correct,q_len,ans_len,log_freq,the_above,aa_sim,qa_sim
0,0_0,cognitive psychology,tflew,1,cognitive psychology_2,a,False,29,27.75,1.8689987572,False,0.125,0.0
1,0_0,cognitive psychology,tflew,2,cognitive psychology_3,a,True,50,61.25,1.50633131218,False,0.888888888889,0.75
2,0_0,cognitive psychology,tflew,3,cognitive psychology_0,b,True,55,14.0,1.90434828155,False,0.25,0.0
3,0_0,cognitive psychology,tflew,4,cognitive psychology_2,a,True,46,57.25,2.05314487908,False,0.0,0.0833333333333
4,0_0,cognitive psychology,tflew,5,cognitive psychology_0,a,True,45,26.25,2.01083825617,True,0.0833333333333,0.1125
5,0_0,cognitive psychology,tflew,6,cognitive psychology_2,c,False,34,51.0,1.76297372017,False,0.375,0.0
6,0_0,cognitive psychology,tflew,7,cognitive psychology_3,a,False,50,45.25,1.87802916774,False,0.116666666667,0.208333333333
7,0_0,cognitive psychology,tflew,8,cognitive psychology_3,d,False,22,37.0,1.92587965836,True,0.194444444444,0.0
8,0_1,cognitive psychology,tflew,1,cognitive psychology_2,a,True,29,27.75,1.8689987572,False,0.125,0.0
9,0_1,cognitive psychology,tflew,2,cognitive psychology_3,a,False,50,61.25,1.50633131218,False,0.888888888889,0.75
10,0_1,cognitive psychology,tflew,3,cognitive psychology_0,b,True,55,14.0,1.90434828155,False,0.25,0.0
11,0_1,cognitive psychology,tflew,4,cognitive psychology_2,a,False,46,57.25,2.05314487908,False,0.0,0.0833333333333
12,0_1,cognitive psychology,tflew,5,cognitive psychology_0,a,True,45,26.25,2.01083825617,True,0.0833333333333,0.1125
13,0_1,cognitive psychology,tflew,6,cognitive psychology_2,c,True,34,51.0,1.76297372017,False,0.375,0.0
14,0_1,cognitive psychology,tflew,7,cognitive psychology_3,a,False,50,45.25,1.87802916774,False,0.116666666667,0.208333333333
15,0_1,cognitive psychology,tflew,8,cognitive psychology_3,d,False,22,37.0,1.92587965836,True,0.194444444444,0.0
16,0_10,cognitive psychology,tflew,1,cognitive psychology_2,a,False,29,27.75,1.8689987572,False,0.125,0.0
17,0_10,cognitive psychology,tflew,2,cognitive psychology_3,a,False,50,61.25,1.50633131218,False,0.888888888889,0.75
18,0_10,cognitive psychology,tflew,3,cognitive psychology_0,b,False,55,14.0,1.90434828155,False,0.25,0.0
19,0_10,cognitive psychology,tflew,4,cognitive psychology_2,a,False,46,57.25,2.05314487908,False,0.0,0.0833333333333
20,0_10,cognitive psychology,tflew,5,cognitive psychology_0,a,False,45,26.25,2.01083825617,True,0.0833333333333,0.1125
21,0_10,cognitive psychology,tflew,6,cognitive psychology_2,c,False,34,51.0,1.76297372017,False,0.375,0.0
22,0_10,cognitive psychology,tflew,7,cognitive psychology_3,a,False,50,45.25,1.87802916774,False,0.116666666667,0.208333333333
23,0_10,cognitive psychology,tflew,8,cognitive psychology_3,d,False,22,37.0,1.92587965836,True,0.194444444444,0.0
24,0_100,cognitive psychology,tflew,1,cognitive psychology_2,a,False,29,27.75,1.8689987572,False,0.125,0.0
25,0_100,cognitive psychology,tflew,2,cognitive psychology_3,a,False,50,61.25,1.50633131218,False,0.888888888889,0.75
26,0_100,cognitive psychology,tflew,3,cognitive psychology_0,b,False,55,14.0,1.90434828155,False,0.25,0.0
27,0_100,cognitive psychology,tflew,4,cognitive psychology_2,a,False,46,57.25,2.05314487908,False,0.0,0.0833333333333
28,0_100,cognitive psychology,tflew,5,cognitive psychology_0,a,False,45,26.25,2.01083825617,True,0.0833333333333,0.1125
29,0_100,cognitive psychology,tflew,6,cognitive psychology_2,c,False,34,51.0,1.76297372017,False,0.375,0.0
30,0_100,cognitive psychology,tflew,7,cognitive psychology_3,a,False,50,45.25,1.87802916774,False,0.116666666667,0.208333333333
31,0_100,cognitive psychology,tflew,8,cognitive psychology_3,d,False,22,37.0,1.92587965836,True,0.194444444444,0.0
32,0_101,cognitive psychology,tflew,1,cognitive psychology_2,a,False,29,27.75,1.8689987572,False,0.125,0.0
33,0_101,cognitive psychology,tflew,2,cognitive psychology_3,a,False,50,61.25,1.50633131218,False,0.888888888889,0.75
34,0_101,cognitive psychology,tflew,3,cognitive psychology_0,b,False,55,14.0,1.90434828155,False,0.25,0.0
35,0_101,cognitive psychology,tflew,4,cognitive psychology_2,a,False,46,57.25,2.05314487908,False,0.0,0.0833333333333
36,0_101,cognitive psychology,tflew,5,cognitive psychology_0,a,False,45,26.25,2.01083825617,True,0.0833333333333,0.1125
37,0_101,cognitive psychology,tflew,6,cognitive psychology_2,c,False,34,51.0,1.76297372017,False,0.375,0.0
38,0_101,cognitive psychology,tflew,7,cognitive psychology_3,a,False,50,45.25,1.87802916774,False,0.116666666667,0.208333333333
39,0_101,cognitive psychology,tflew,8,cognitive psychology_3,d,False,22,37.0,1.92587965836,True,0.194444444444,0.0
40,0_11,cognitive psychology,tflew,1,cognitive psychology_2,a,False,29,27.75,1.8689987572,False,0.125,0.0
41,0_11,cognitive psychology,tflew,2,cognitive psychology_3,a,False,50,61.25,1.50633131218,False,0.888888888889,0.75
42,0_11,cognitive psychology,tflew,3,cognitive psychology_0,b,False,55,14.0,1.90434828155,False,0.25,0.0
43,0_11,cognitive psychology,tflew,4,cognitive psychology_2,a,False,46,57.25,2.05314487908,False,0.0,0.0833333333333
44,0_11,cognitive psychology,tflew,5,cognitive psychology_0,a,False,45,26.25,2.01083825617,True,0.0833333333333,0.1125
45,0_11,cognitive psychology,tflew,6,cognitive psychology_2,c,False,34,51.0,1.76297372017,False,0.375,0.0
46,0_11,cognitive psychology,tflew,7,cognitive psychology_3,a,False,50,45.25,1.87802916774,False,0.116666666667,0.208333333333
47,0_11,cognitive psychology,tflew,8,cognitive psychology_3,d,False,22,37.0,1.92587965836,True,0.194444444444,0.0
48,0_12,cognitive psychology,tflew,1,cognitive psychology_2,a,False,29,27.75,1.8689987572,False,0.125,0.0
49,0_12,cognitive psychology,tflew,2,cognitive psychology_3,a,False,50,61.25,1.50633131218,False,0.888888888889,0.75
50,0_12,cognitive psychology,tflew,3,cognitive psychology_0,b,False,55,14.0,1.90434828155,False,0.25,0.0
51,0_12,cognitive psychology,tflew,4,cognitive psychology_2,a,False,46,57.25,2.05314487908,False,0.0,0.0833333333333
52,0_12,cognitive psychology,tflew,5,cognitive psychology_0,a,False,45,26.25,2.01083825617,True,0.0833333333333,0.1125
53,0_12,cognitive psychology,tflew,6,cognitive psychology_2,c,False,34,51.0,1.76297372017,False,0.375,0.0
54,0_12,cognitive psychology,tflew,7,cognitive psychology_3,a,False,50,45.25,1.87802916774,False,0.116666666667,0.208333333333
55,0_12,cognitive psychology,tflew,8,cognitive psychology_3,d,False,22,37.0,1.92587965836,True,0.194444444444,0.0
56,0_13,cognitive psychology,tflew,1,cognitive psychology_2,a,False,29,27.75,1.8689987572,False,0.125,0.0
57,0_13,cognitive psychology,tflew,2,cognitive psychology_3,a,False,50,61.25,1.50633131218,False,0.888888888889,0.75
58,0_13,cognitive psychology,tflew,3,cognitive psychology_0,b,False,55,14.0,1.90434828155,False,0.25,0.0
59,0_13,cognitive psychology,tflew,4,cognitive psychology_2,a,False,46,57.25,2.05314487908,False,0.0,0.0833333333333
60,0_13,cognitive psychology,tflew,5,cognitive psychology_0,a,False,45,26.25,2.01083825617,True,0.0833333333333,0.1125
61,0_13,cognitive psychology,tflew,6,cognitive psychology_2,c,False,34,51.0,1.76297372017,False,0.375,0.0
62,0_13,cognitive psychology,tflew,7,cognitive psychology_3,a,False,50,45.25,1.87802916774,False,0.116666666667,0.208333333333
63,0_13,cognitive psychology,tflew,8,cognitive psychology_3,d,False,22,37.0,1.92587965836,True,0.194444444444,0.0
64,0_14,cognitive psychology,tflew,1,cognitive psychology_2,a,False,29,27.75,1.8689987572,False,0.125,0.0
65,0_14,cognitive psychology,tflew,2,cognitive psychology_3,a,False,50,61.25,1.50633131218,False,0.888888888889,0.75
66,0_14,cognitive psychology,tflew,3,cognitive psychology_0,b,False,55,14.0,1.90434828155,False,0.25,0.0
67,0_14,cognitive psychology,tflew,4,cognitive psychology_2,a,False,46,57.25,2.05314487908,False,0.0,0.0833333333333
68,0_14,cognitive psychology,tflew,5,cognitive psychology_0,a,False,45,26.25,2.01083825617,True,0.0833333333333,0.1125
69,0_14,cognitive psychology,tflew,6,cognitive psychology_2,c,False,34,51.0,1.76297372017,False,0.375,0.0
70,0_14,cognitive psychology,tflew,7,cognitive psychology_3,a,False,50,45.25,1.87802916774,False,0.116666666667,0.208333333333
71,0_14,cognitive psychology,tflew,8,cognitive psychology_3,d,False,22,37.0,1.92587965836,True,0.194444444444,0.0
72,0_15,cognitive psychology,tflew,1,cognitive psychology_2,a,False,29,27.75,1.8689987572,False,0.125,0.0
73,0_15,cognitive psychology,tflew,2,cognitive psychology_3,a,False,50,61.25,1.50633131218,False,0.888888888889,0.75
74,0_15,cognitive psychology,tflew,3,cognitive psychology_0,b,False,55,14.0,1.90434828155,False,0.25,0.0
75,0_15,cognitive psychology,tflew,4,cognitive psychology_2,a,False,46,57.25,2.05314487908,False,0.0,0.0833333333333
76,0_15,cognitive psychology,tflew,5,cognitive psychology_0,a,False,45,26.25,2.01083825617,True,0.0833333333333,0.1125
77,0_15,cognitive psychology,tflew,6,cognitive psychology_2,c,False,34,51.0,1.76297372017,False,0.375,0.0
78,0_15,cognitive psychology,tflew,7,cognitive psychology_3,a,False,50,45.25,1.87802916774,False,0.116666666667,0.208333333333
79,0_15,cognitive psychology,tflew,8,cognitive psychology_3,d,False,22,37.0,1.92587965836,True,0.194444444444,0.0
80,0_16,cognitive psychology,tflew,1,cognitive psychology_2,a,False,29,27.75,1.8689987572,False,0.125,0.0
81,0_16,cognitive psychology,tflew,2,cognitive psychology_3,a,False,50,61.25,1.50633131218,False,0.888888888889,0.75
82,0_16,cognitive psychology,tflew,3,cognitive psychology_0,b,False,55,14.0,1.90434828155,False,0.25,0.0
83,0_16,cognitive psychology,tflew,4,cognitive psychology_2,a,False,46,57.25,2.05314487908,False,0.0,0.0833333333333
84,0_16,cognitive psychology,tflew,5,cognitive psychology_0,a,False,45,26.25,2.01083825617,True,0.0833333333333,0.1125
85,0_16,cognitive psychology,tflew,6,cognitive psychology_2,c,False,34,51.0,1.76297372017,False,0.375,0.0
86,0_16,cognitive psychology,tflew,7,cognitive psychology_3,a,False,50,45.25,1.87802916774,False,0.116666666667,0.208333333333
87,0_16,cognitive psychology,tflew,8,cognitive psychology_3,d,False,22,37.0,1.92587965836,True,0.194444444444,0.0
88,0_17,cognitive psychology,tflew,1,cognitive psychology_2,a,False,29,27.75,1.8689987572,False,0.125,0.0
89,0_17,cognitive psychology,tflew,2,cognitive psychology_3,a,False,50,61.25,1.50633131218,False,0.888888888889,0.75
90,0_17,cognitive psychology,tflew,3,cognitive psychology_0,b,False,55,14.0,1.90434828155,False,0.25,0.0
91,0_17,cognitive psychology,tflew,4,cognitive psychology_2,a,False,46,57.25,2.05314487908,False,0.0,0.0833333333333
92,0_17,cognitive psychology,tflew,5,cognitive psychology_0,a,False,45,26.25,2.01083825617,True,0.0833333333333,0.1125
93,0_17,cognitive psychology,tflew,6,cognitive psychology_2,c,False,34,51.0,1.76297372017,False,0.375,0.0
94,0_17,cognitive psychology,tflew,7,cognitive psychology_3,a,False,50,45.25,1.87802916774,False,0.116666666667,0.208333333333
95,0_17,cognitive psychology,tflew,8,cognitive psychology_3,d,False,22,37.0,1.92587965836,True,0.194444444444,0.0
96,0_18,cognitive psychology,tflew,1,cognitive psychology_2,a,False,29,27.75,1.8689987572,False,0.125,0.0
97,0_18,cognitive psychology,tflew,2,cognitive psychology_3,a,False,50,61.25,1.50633131218,False,0.888888888889,0.75
98,0_18,cognitive psychology,tflew,3,cognitive psychology_0,b,False,55,14.0,1.90434828155,False,0.25,0.0
99,0_18,cognitive psychology,tflew,4,cognitive psychology_2,a,False,46,57.25,2.05314487908,False,0.0,0.0833333333333
100,0_18,cognitive psychology,tflew,5,cognitive psychology_0,a,False,45,26.25,2.01083825617,True,0.0833333333333,0.1125
101,0_18,cognitive psychology,tflew,6,cognitive psychology_2,c,False,34,51.0,1.76297372017,False,0.375,0.0
102,0_18,cognitive psychology,tflew,7,cognitive psychology_3,a,False,50,45.25,1.87802916774,False,0.116666666667,0.208333333333
103,0_18,cognitive psychology,tflew,8,cognitive psychology_3,d,False,22,37.0,1.92587965836,True,0.194444444444,0.0
104,0_19,cognitive psychology,tflew,1,cognitive psychology_2,a,False,29,27.75,1.8689987572,False,0.125,0.0
105,0_19,cognitive psychology,tflew,2,cognitive psychology_3,a,False,50,61.25,1.50633131218,False,0.888888888889,0.75
106,0_19,cognitive psychology,tflew,3,cognitive psychology_0,b,False,55,14.0,1.90434828155,False,0.25,0.0
107,0_19,cognitive psychology,tflew,4,cognitive psychology_2,a,False,46,57.25,2.05314487908,False,0.0,0.0833333333333
108,0_19,cognitive psychology,tflew,5,cognitive psychology_0,a,False,45,26.25,2.01083825617,True,0.0833333333333,0.1125
109,0_19,cognitive psychology,tflew,6,cognitive psychology_2,c,False,34,51.0,1.76297372017,False,0.375,0.0
110,0_19,cognitive psychology,tflew,7,cognitive psychology_3,a,False,50,45.25,1.87802916774,False,0.116666666667,0.208333333333
111,0_19,cognitive psychology,tflew,8,cognitive psychology_3,d,False,22,37.0,1.92587965836,True,0.194444444444,0.0
112,0_2,cognitive psychology,tflew,1,cognitive psychology_2,a,True,29,27.75,1.8689987572,False,0.125,0.0
113,0_2,cognitive psychology,tflew,2,cognitive psychology_3,a,True,50,61.25,1.50633131218,False,0.888888888889,0.75
114,0_2,cognitive psychology,tflew,3,cognitive psychology_0,b,False,55,14.0,1.90434828155,False,0.25,0.0
115,0_2,cognitive psychology,tflew,4,cognitive psychology_2,a,True,46,57.25,2.05314487908,False,0.0,0.0833333333333
116,0_2,cognitive psychology,tflew,5,cognitive psychology_0,a,True,45,26.25,2.01083825617,True,0.0833333333333,0.1125
117,0_2,cognitive psychology,tflew,6,cognitive psychology_2,c,False,34,51.0,1.76297372017,False,0.375,0.0
118,0_2,cognitive psychology,tflew,7,cognitive psychology_3,a,False,50,45.25,1.87802916774,False,0.116666666667,0.208333333333
119,0_2,cognitive psychology,tflew,8,cognitive psychology_3,d,False,22,37.0,1.92587965836,True,0.194444444444,0.0
120,0_20,cognitive psychology,tflew,1,cognitive psychology_2,a,False,29,27.75,1.8689987572,False,0.125,0.0
121,0_20,cognitive psychology,tflew,2,cognitive psychology_3,a,False,50,61.25,1.50633131218,False,0.888888888889,0.75
122,0_20,cognitive psychology,tflew,3,cognitive psychology_0,b,False,55,14.0,1.90434828155,False,0.25,0.0
123,0_20,cognitive psychology,tflew,4,cognitive psychology_2,a,False,46,57.25,2.05314487908,False,0.0,0.0833333333333
124,0_20,cognitive psychology,tflew,5,cognitive psychology_0,a,False,45,26.25,2.01083825617,True,0.0833333333333,0.1125
125,0_20,cognitive psychology,tflew,6,cognitive psychology_2,c,False,34,51.0,1.76297372017,False,0.375,0.0
126,0_20,cognitive psychology,tflew,7,cognitive psychology_3,a,False,50,45.25,1.87802916774,False,0.116666666667,0.208333333333
127,0_20,cognitive psychology,tflew,8,cognitive psychology_3,d,False,22,37.0,1.92587965836,True,0.194444444444,0.0
128,0_21,cognitive psychology,tflew,1,cognitive psychology_2,a,False,29,27.75,1.8689987572,False,0.125,0.0
129,0_21,cognitive psychology,tflew,2,cognitive psychology_3,a,False,50,61.25,1.50633131218,False,0.888888888889,0.75
130,0_21,cognitive psychology,tflew,3,cognitive psychology_0,b,False,55,14.0,1.90434828155,False,0.25,0.0
131,0_21,cognitive psychology,tflew,4,cognitive psychology_2,a,False,46,57.25,2.05314487908,False,0.0,0.0833333333333
132,0_21,cognitive psychology,tflew,5,cognitive psychology_0,a,False,45,26.25,2.01083825617,True,0.0833333333333,0.1125
133,0_21,cognitive psychology,tflew,6,cognitive psychology_2,c,False,34,51.0,1.76297372017,False,0.375,0.0
134,0_21,cognitive psychology,tflew,7,cognitive psychology_3,a,False,50,45.25,1.87802916774,False,0.116666666667,0.208333333333
135,0_21,cognitive psychology,tflew,8,cognitive psychology_3,d,False,22,37.0,1.92587965836,True,0.194444444444,0.0
136,0_22,cognitive psychology,tflew,1,cognitive psychology_2,a,False,29,27.75,1.8689987572,False,0.125,0.0
137,0_22,cognitive psychology,tflew,2,cognitive psychology_3,a,False,50,61.25,1.50633131218,False,0.888888888889,0.75
138,0_22,cognitive psychology,tflew,3,cognitive psychology_0,b,False,55,14.0,1.90434828155,False,0.25,0.0
139,0_22,cognitive psychology,tflew,4,cognitive psychology_2,a,False,46,57.25,2.05314487908,False,0.0,0.0833333333333
140,0_22,cognitive psychology,tflew,5,cognitive psychology_0,a,False,45,26.25,2.01083825617,True,0.0833333333333,0.1125
141,0_22,cognitive psychology,tflew,6,cognitive psychology_2,c,False,34,51.0,1.76297372017,False,0.375,0.0
142,0_22,cognitive psychology,tflew,7,cognitive psychology_3,a,False,50,45.25,1.87802916774,False,0.116666666667,0.208333333333
143,0_22,cognitive psychology,tflew,8,cognitive psychology_3,d,False,22,37.0,1.92587965836,True,0.194444444444,0.0
144,0_23,cognitive psychology,tflew,1,cognitive psychology_2,a,False,29,27.75,1.8689987572,False,0.125,0.0
145,0_23,cognitive psychology,tflew,2,cognitive psychology_3,a,False,50,61.25,1.50633131218,False,0.888888888889,0.75
146,0_23,cognitive psychology,tflew,3,cognitive psychology_0,b,False,55,14.0,1.90434828155,False,0.25,0.0
147,0_23,cognitive psychology,tflew,4,cognitive psychology_2,a,False,46,57.25,2.05314487908,False,0.0,0.0833333333333
148,0_23,cognitive psychology,tflew,5,cognitive psychology_0,a,False,45,26.25,2.01083825617,True,0.0833333333333,0.1125
149,0_23,cognitive psychology,tflew,6,cognitive psychology_2,c,False,34,51.0,1.76297372017,False,0.375,0.0
150,0_23,cognitive psychology,tflew,7,cognitive psychology_3,a,False,50,45.25,1.87802916774,False,0.116666666667,0.208333333333
151,0_23,cognitive psychology,tflew,8,cognitive psychology_3,d,False,22,37.0,1.92587965836,True,0.194444444444,0.0
152,0_24,cognitive psychology,tflew,1,cognitive psychology_2,a,False,29,27.75,1.8689987572,False,0.125,0.0
153,0_24,cognitive psychology,tflew,2,cognitive psychology_3,a,False,50,61.25,1.50633131218,False,0.888888888889,0.75
154,0_24,cognitive psychology,tflew,3,cognitive psychology_0,b,False,55,14.0,1.90434828155,False,0.25,0.0
155,0_24,cognitive psychology,tflew,4,cognitive psychology_2,a,False,46,57.25,2.05314487908,False,0.0,0.0833333333333
156,0_24,cognitive psychology,tflew,5,cognitive psychology_0,a,False,45,26.25,2.01083825617,True,0.0833333333333,0.1125
157,0_24,cognitive psychology,tflew,6,cognitive psychology_2,c,False,34,51.0,1.76297372017,False,0.375,0.0
158,0_24,cognitive psychology,tflew,7,cognitive psychology_3,a,False,50,45.25,1.87802916774,False,0.116666666667,0.208333333333
159,0_24,cognitive psychology,tflew,8,cognitive psychology_3,d,False,22,37.0,1.92587965836,True,0.194444444444,0.0
160,0_25,cognitive psychology,tflew,1,cognitive psychology_2,a,False,29,27.75,1.8689987572,False,0.125,0.0
161,0_25,cognitive psychology,tflew,2,cognitive psychology_3,a,False,50,61.25,1.50633131218,False,0.888888888889,0.75
162,0_25,cognitive psychology,tflew,3,cognitive psychology_0,b,False,55,14.0,1.90434828155,False,0.25,0.0
163,0_25,cognitive psychology,tflew,4,cognitive psychology_2,a,False,46,57.25,2.05314487908,False,0.0,0.0833333333333
164,0_25,cognitive psychology,tflew,5,cognitive psychology_0,a,False,45,26.25,2.01083825617,True,0.0833333333333,0.1125
165,0_25,cognitive psychology,tflew,6,cognitive psychology_2,c,False,34,51.0,1.76297372017,False,0.375,0.0
166,0_25,cognitive psychology,tflew,7,cognitive psychology_3,a,False,50,45.25,1.87802916774,False,0.116666666667,0.208333333333
167,0_25,cognitive psychology,tflew,8,cognitive psychology_3,d,False,22,37.0,1.92587965836,True,0.194444444444,0.0
168,0_26,cognitive psychology,tflew,1,cognitive psychology_2,a,False,29,27.75,1.8689987572,False,0.125,0.0
169,0_26,cognitive psychology,tflew,2,cognitive psychology_3,a,False,50,61.25,1.50633131218,False,0.888888888889,0.75
170,0_26,cognitive psychology,tflew,3,cognitive psychology_0,b,False,55,14.0,1.90434828155,False,0.25,0.0
171,0_26,cognitive psychology,tflew,4,cognitive psychology_2,a,False,46,57.25,2.05314487908,False,0.0,0.0833333333333
172,0_26,cognitive psychology,tflew,5,cognitive psychology_0,a,False,45,26.25,2.01083825617,True,0.0833333333333,0.1125
173,0_26,cognitive psychology,tflew,6,cognitive psychology_2,c,False,34,51.0,1.76297372017,False,0.375,0.0
174,0_26,cognitive psychology,tflew,7,cognitive psychology_3,a,False,50,45.25,1.87802916774,False,0.116666666667,0.208333333333
175,0_26,cognitive psychology,tflew,8,cognitive psychology_3,d,False,22,37.0,1.92587965836,True,0.194444444444,0.0
176,0_27,cognitive psychology,tflew,1,cognitive psychology_2,a,False,29,27.75,1.8689987572,False,0.125,0.0
177,0_27,cognitive psychology,tflew,2,cognitive psychology_3,a,False,50,61.25,1.50633131218,False,0.888888888889,0.75
178,0_27,cognitive psychology,tflew,3,cognitive psychology_0,b,False,55,14.0,1.90434828155,False,0.25,0.0
179,0_27,cognitive psychology,tflew,4,cognitive psychology_2,a,False,46,57.25,2.05314487908,False,0.0,0.0833333333333
180,0_27,cognitive psychology,tflew,5,cognitive psychology_0,a,False,45,26.25,2.01083825617,True,0.0833333333333,0.1125
181,0_27,cognitive psychology,tflew,6,cognitive psychology_2,c,False,34,51.0,1.76297372017,False,0.375,0.0
182,0_27,cognitive psychology,tflew,7,cognitive psychology_3,a,False,50,45.25,1.87802916774,False,0.116666666667,0.208333333333
183,0_27,cognitive psychology,tflew,8,cognitive psychology_3,d,False,22,37.0,1.92587965836,True,0.194444444444,0.0
184,0_28,cognitive psychology,tflew,1,cognitive psychology_2,a,False,29,27.75,1.8689987572,False,0.125,0.0
185,0_28,cognitive psychology,tflew,2,cognitive psychology_3,a,False,50,61.25,1.50633131218,False,0.888888888889,0.75
186,0_28,cognitive psychology,tflew,3,cognitive psychology_0,b,False,55,14.0,1.90434828155,False,0.25,0.0
187,0_28,cognitive psychology,tflew,4,cognitive psychology_2,a,False,46,57.25,2.05314487908,False,0.0,0.0833333333333
188,0_28,cognitive psychology,tflew,5,cognitive psychology_0,a,False,45,26.25,2.01083825617,True,0.0833333333333,0.1125
189,0_28,cognitive psychology,tflew,6,cognitive psychology_2,c,False,34,51.0,1.76297372017,False,0.375,0.0
190,0_28,cognitive psychology,tflew,7,cognitive psychology_3,a,False,50,45.25,1.87802916774,False,0.116666666667,0.208333333333
191,0_28,cognitive psychology,tflew,8,cognitive psychology_3,d,False,22,37.0,1.92587965836,True,0.194444444444,0.0
192,0_29,cognitive psychology,tflew,1,cognitive psychology_2,a,False,29,27.75,1.8689987572,False,0.125,0.0
193,0_29,cognitive psychology,tflew,2,cognitive psychology_3,a,False,50,61.25,1.50633131218,False,0.888888888889,0.75
194,0_29,cognitive psychology,tflew,3,cognitive psychology_0,b,False,55,14.0,1.90434828155,False,0.25,0.0
195,0_29,cognitive psychology,tflew,4,cognitive psychology_2,a,False,46,57.25,2.05314487908,False,0.0,0.0833333333333
196,0_29,cognitive psychology,tflew,5,cognitive psychology_0,a,False,45,26.25,2.01083825617,True,0.0833333333333,0.1125
197,0_29,cognitive psychology,tflew,6,cognitive psychology_2,c,False,34,51.0,1.76297372017,False,0.375,0.0
198,0_29,cognitive psychology,tflew,7,cognitive psychology_3,a,False,50,45.25,1.87802916774,False,0.116666666667,0.208333333333
199,0_29,cognitive psychology,tflew,8,cognitive psychology_3,d,False,22,37.0,1.92587965836,True,0.194444444444,0.0
200,0_3,cognitive psychology,tflew,1,cognitive psychology_2,a,False,29,27.75,1.8689987572,False,0.125,0.0
201,0_3,cognitive psychology,tflew,2,cognitive psychology_3,a,False,50,61.25,1.50633131218,False,0.888888888889,0.75
202,0_3,cognitive psychology,tflew,3,cognitive psychology_0,b,True,55,14.0,1.90434828155,False,0.25,0.0
203,0_3,cognitive psychology,tflew,4,cognitive psychology_2,a,False,46,57.25,2.05314487908,False,0.0,0.0833333333333
204,0_3,cognitive psychology,tflew,5,cognitive psychology_0,a,True,45,26.25,2.01083825617,True,0.0833333333333,0.1125
205,0_3,cognitive psychology,tflew,6,cognitive psychology_2,c,False,34,51.0,1.76297372017,False,0.375,0.0
206,0_3,cognitive psychology,tflew,7,cognitive psychology_3,a,False,50,45.25,1.87802916774,False,0.116666666667,0.208333333333
207,0_3,cognitive psychology,tflew,8,cognitive psychology_3,d,False,22,37.0,1.92587965836,True,0.194444444444,0.0
208,0_30,cognitive psychology,tflew,1,cognitive psychology_2,a,False,29,27.75,1.8689987572,False,0.125,0.0
209,0_30,cognitive psychology,tflew,2,cognitive psychology_3,a,False,50,61.25,1.50633131218,False,0.888888888889,0.75
210,0_30,cognitive psychology,tflew,3,cognitive psychology_0,b,False,55,14.0,1.90434828155,False,0.25,0.0
211,0_30,cognitive psychology,tflew,4,cognitive psychology_2,a,False,46,57.25,2.05314487908,False,0.0,0.0833333333333
212,0_30,cognitive psychology,tflew,5,cognitive psychology_0,a,False,45,26.25,2.01083825617,True,0.0833333333333,0.1125
213,0_30,cognitive psychology,tflew,6,cognitive psychology_2,c,False,34,51.0,1.76297372017,False,0.375,0.0
214,0_30,cognitive psychology,tflew,7,cognitive psychology_3,a,False,50,45.25,1.87802916774,False,0.116666666667,0.208333333333
215,0_30,cognitive psychology,tflew,8,cognitive psychology_3,d,False,22,37.0,1.92587965836,True,0.194444444444,0.0
216,0_31,cognitive psychology,tflew,1,cognitive psychology_2,a,False,29,27.75,1.8689987572,False,0.125,0.0
217,0_31,cognitive psychology,tflew,2,cognitive psychology_3,a,False,50,61.25,1.50633131218,False,0.888888888889,0.75
218,0_31,cognitive psychology,tflew,3,cognitive psychology_0,b,False,55,14.0,1.90434828155,False,0.25,0.0
219,0_31,cognitive psychology,tflew,4,cognitive psychology_2,a,False,46,57.25,2.05314487908,False,0.0,0.0833333333333
220,0_31,cognitive psychology,tflew,5,cognitive psychology_0,a,False,45,26.25,2.01083825617,True,0.0833333333333,0.1125
221,0_31,cognitive psychology,tflew,6,cognitive psychology_2,c,False,34,51.0,1.76297372017,False,0.375,0.0
222,0_31,cognitive psychology,tflew,7,cognitive psychology_3,a,False,50,45.25,1.87802916774,False,0.116666666667,0.208333333333
223,0_31,cognitive psychology,tflew,8,cognitive psychology_3,d,False,22,37.0,1.92587965836,True,0.194444444444,0.0
224,0_32,cognitive psychology,tflew,1,cognitive psychology_2,a,False,29,27.75,1.8689987572,False,0.125,0.0
225,0_32,cognitive psychology,tflew,2,cognitive psychology_3,a,False,50,61.25,1.50633131218,False,0.888888888889,0.75
226,0_32,cognitive psychology,tflew,3,cognitive psychology_0,b,False,55,14.0,1.90434828155,False,0.25,0.0
227,0_32,cognitive psychology,tflew,4,cognitive psychology_2,a,False,46,57.25,2.05314487908,False,0.0,0.0833333333333
228,0_32,cognitive psychology,tflew,5,cognitive psychology_0,a,False,45,26.25,2.01083825617,True,0.0833333333333,0.1125
229,0_32,cognitive psychology,tflew,6,cognitive psychology_2,c,False,34,51.0,1.76297372017,False,0.375,0.0
230,0_32,cognitive psychology,tflew,7,cognitive psychology_3,a,False,50,45.25,1.87802916774,False,0.116666666667,0.208333333333
231,0_32,cognitive psychology,tflew,8,cognitive psychology_3,d,False,22,37.0,1.92587965836,True,0.194444444444,0.0
232,0_33,cognitive psychology,tflew,1,cognitive psychology_2,a,False,29,27.75,1.8689987572,False,0.125,0.0
233,0_33,cognitive psychology,tflew,2,cognitive psychology_3,a,False,50,61.25,1.50633131218,False,0.888888888889,0.75
234,0_33,cognitive psychology,tflew,3,cognitive psychology_0,b,False,55,14.0,1.90434828155,False,0.25,0.0
235,0_33,cognitive psychology,tflew,4,cognitive psychology_2,a,False,46,57.25,2.05314487908,False,0.0,0.0833333333333
236,0_33,cognitive psychology,tflew,5,cognitive psychology_0,a,False,45,26.25,2.01083825617,True,0.0833333333333,0.1125
237,0_33,cognitive psychology,tflew,6,cognitive psychology_2,c,False,34,51.0,1.76297372017,False,0.375,0.0
238,0_33,cognitive psychology,tflew,7,cognitive psychology_3,a,False,50,45.25,1.87802916774,False,0.116666666667,0.208333333333
239,0_33,cognitive psychology,tflew,8,cognitive psychology_3,d,False,22,37.0,1.92587965836,True,0.194444444444,0.0
240,0_34,cognitive psychology,tflew,1,cognitive psychology_2,a,False,29,27.75,1.8689987572,False,0.125,0.0
241,0_34,cognitive psychology,tflew,2,cognitive psychology_3,a,False,50,61.25,1.50633131218,False,0.888888888889,0.75
242,0_34,cognitive psychology,tflew,3,cognitive psychology_0,b,False,55,14.0,1.90434828155,False,0.25,0.0
243,0_34,cognitive psychology,tflew,4,cognitive psychology_2,a,False,46,57.25,2.05314487908,False,0.0,0.0833333333333
244,0_34,cognitive psychology,tflew,5,cognitive psychology_0,a,False,45,26.25,2.01083825617,True,0.0833333333333,0.1125
245,0_34,cognitive psychology,tflew,6,cognitive psychology_2,c,False,34,51.0,1.76297372017,False,0.375,0.0
246,0_34,cognitive psychology,tflew,7,cognitive psychology_3,a,False,50,45.25,1.87802916774,False,0.116666666667,0.208333333333
247,0_34,cognitive psychology,tflew,8,cognitive psychology_3,d,False,22,37.0,1.92587965836,True,0.194444444444,0.0
248,0_35,cognitive psychology,tflew,1,cognitive psychology_2,a,False,29,27.75,1.8689987572,False,0.125,0.0
249,0_35,cognitive psychology,tflew,2,cognitive psychology_3,a,False,50,61.25,1.50633131218,False,0.888888888889,0.75
250,0_35,cognitive psychology,tflew,3,cognitive psychology_0,b,False,55,14.0,1.90434828155,False,0.25,0.0
251,0_35,cognitive psychology,tflew,4,cognitive psychology_2,a,False,46,57.25,2.05314487908,False,0.0,0.0833333333333
252,0_35,cognitive psychology,tflew,5,cognitive psychology_0,a,False,45,26.25,2.01083825617,True,0.0833333333333,0.1125
253,0_35,cognitive psychology,tflew,6,cognitive psychology_2,c,False,34,51.0,1.76297372017,False,0.375,0.0
254,0_35,cognitive psychology,tflew,7,cognitive psychology_3,a,False,50,45.25,1.87802916774,False,0.116666666667,0.208333333333
255,0_35,cognitive psychology,tflew,8,cognitive psychology_3,d,False,22,37.0,1.92587965836,True,0.194444444444,0.0
256,0_36,cognitive psychology,tflew,1,cognitive psychology_2,a,False,29,27.75,1.8689987572,False,0.125,0.0
257,0_36,cognitive psychology,tflew,2,cognitive psychology_3,a,False,50,61.25,1.50633131218,False,0.888888888889,0.75
258,0_36,cognitive psychology,tflew,3,cognitive psychology_0,b,False,55,14.0,1.90434828155,False,0.25,0.0
259,0_36,cognitive psychology,tflew,4,cognitive psychology_2,a,False,46,57.25,2.05314487908,False,0.0,0.0833333333333
260,0_36,cognitive psychology,tflew,5,cognitive psychology_0,a,False,45,26.25,2.01083825617,True,0.0833333333333,0.1125
261,0_36,cognitive psychology,tflew,6,cognitive psychology_2,c,False,34,51.0,1.76297372017,False,0.375,0.0
262,0_36,cognitive psychology,tflew,7,cognitive psychology_3,a,False,50,45.25,1.87802916774,False,0.116666666667,0.208333333333
263,0_36,cognitive psychology,tflew,8,cognitive psychology_3,d,False,22,37.0,1.92587965836,True,0.194444444444,0.0
264,0_37,cognitive psychology,tflew,1,cognitive psychology_2,a,False,29,27.75,1.8689987572,False,0.125,0.0
265,0_37,cognitive psychology,tflew,2,cognitive psychology_3,a,False,50,61.25,1.50633131218,False,0.888888888889,0.75
266,0_37,cognitive psychology,tflew,3,cognitive psychology_0,b,False,55,14.0,1.90434828155,False,0.25,0.0
267,0_37,cognitive psychology,tflew,4,cognitive psychology_2,a,False,46,57.25,2.05314487908,False,0.0,0.0833333333333
268,0_37,cognitive psychology,tflew,5,cognitive psychology_0,a,False,45,26.25,2.01083825617,True,0.0833333333333,0.1125
269,0_37,cognitive psychology,tflew,6,cognitive psychology_2,c,False,34,51.0,1.76297372017,False,0.375,0.0
270,0_37,cognitive psychology,tflew,7,cognitive psychology_3,a,False,50,45.25,1.87802916774,False,0.116666666667,0.208333333333
271,0_37,cognitive psychology,tflew,8,cognitive psychology_3,d,False,22,37.0,1.92587965836,True,0.194444444444,0.0
272,0_38,cognitive psychology,tflew,1,cognitive psychology_2,a,False,29,27.75,1.8689987572,False,0.125,0.0
273,0_38,cognitive psychology,tflew,2,cognitive psychology_3,a,False,50,61.25,1.50633131218,False,0.888888888889,0.75
274,0_38,cognitive psychology,tflew,3,cognitive psychology_0,b,False,55,14.0,1.90434828155,False,0.25,0.0
275,0_38,cognitive psychology,tflew,4,cognitive psychology_2,a,False,46,57.25,2.05314487908,False,0.0,0.0833333333333
276,0_38,cognitive psychology,tflew,5,cognitive psychology_0,a,False,45,26.25,2.01083825617,True,0.0833333333333,0.1125
277,0_38,cognitive psychology,tflew,6,cognitive psychology_2,c,False,34,51.0,1.76297372017,False,0.375,0.0
278,0_38,cognitive psychology,tflew,7,cognitive psychology_3,a,False,50,45.25,1.87802916774,False,0.116666666667,0.208333333333
279,0_38,cognitive psychology,tflew,8,cognitive psychology_3,d,False,22,37.0,1.92587965836,True,0.194444444444,0.0
280,0_39,cognitive psychology,tflew,1,cognitive psychology_2,a,False,29,27.75,1.8689987572,False,0.125,0.0
281,0_39,cognitive psychology,tflew,2,cognitive psychology_3,a,False,50,61.25,1.50633131218,False,0.888888888889,0.75
282,0_39,cognitive psychology,tflew,3,cognitive psychology_0,b,False,55,14.0,1.90434828155,False,0.25,0.0
283,0_39,cognitive psychology,tflew,4,cognitive psychology_2,a,False,46,57.25,2.05314487908,False,0.0,0.0833333333333
284,0_39,cognitive psychology,tflew,5,cognitive psychology_0,a,False,45,26.25,2.01083825617,True,0.0833333333333,0.1125
285,0_39,cognitive psychology,tflew,6,cognitive psychology_2,c,False,34,51.0,1.76297372017,False,0.375,0.0
286,0_39,cognitive psychology,tflew,7,cognitive psychology_3,a,False,50,45.25,1.87802916774,False,0.116666666667,0.208333333333
287,0_39,cognitive psychology,tflew,8,cognitive psychology_3,d,False,22,37.0,1.92587965836,True,0.194444444444,0.0
288,0_4,cognitive psychology,tflew,1,cognitive psychology_2,a,True,29,27.75,1.8689987572,False,0.125,0.0
289,0_4,cognitive psychology,tflew,2,cognitive psychology_3,a,True,50,61.25,1.50633131218,False,0.888888888889,0.75
290,0_4,cognitive psychology,tflew,3,cognitive psychology_0,b,False,55,14.0,1.90434828155,False,0.25,0.0
291,0_4,cognitive psychology,tflew,4,cognitive psychology_2,a,False,46,57.25,2.05314487908,False,0.0,0.0833333333333
292,0_4,cognitive psychology,tflew,5,cognitive psychology_0,a,True,45,26.25,2.01083825617,True,0.0833333333333,0.1125
293,0_4,cognitive psychology,tflew,6,cognitive psychology_2,c,False,34,51.0,1.76297372017,False,0.375,0.0
294,0_4,cognitive psychology,tflew,7,cognitive psychology_3,a,True,50,45.25,1.87802916774,False,0.116666666667,0.208333333333
295,0_4,cognitive psychology,tflew,8,cognitive psychology_3,d,False,22,37.0,1.92587965836,True,0.194444444444,0.0
296,0_40,cognitive psychology,tflew,1,cognitive psychology_2,a,False,29,27.75,1.8689987572,False,0.125,0.0
297,0_40,cognitive psychology,tflew,2,cognitive psychology_3,a,False,50,61.25,1.50633131218,False,0.888888888889,0.75
298,0_40,cognitive psychology,tflew,3,cognitive psychology_0,b,False,55,14.0,1.90434828155,False,0.25,0.0
299,0_40,cognitive psychology,tflew,4,cognitive psychology_2,a,False,46,57.25,2.05314487908,False,0.0,0.0833333333333
300,0_40,cognitive psychology,tflew,5,cognitive psychology_0,a,False,45,26.25,2.01083825617,True,0.0833333333333,0.1125
301,0_40,cognitive psychology,tflew,6,cognitive psychology_2,c,False,34,51.0,1.76297372017,False,0.375,0.0
302,0_40,cognitive psychology,tflew,7,cognitive psychology_3,a,False,50,45.25,1.87802916774,False,0.116666666667,0.208333333333
303,0_40,cognitive psychology,tflew,8,cognitive psychology_3,d,False,22,37.0,1.92587965836,True,0.194444444444,0.0
304,0_41,cognitive psychology,tflew,1,cognitive psychology_2,a,False,29,27.75,1.8689987572,False,0.125,0.0
305,0_41,cognitive psychology,tflew,2,cognitive psychology_3,a,False,50,61.25,1.50633131218,False,0.888888888889,0.75
306,0_41,cognitive psychology,tflew,3,cognitive psychology_0,b,False,55,14.0,1.90434828155,False,0.25,0.0
307,0_41,cognitive psychology,tflew,4,cognitive psychology_2,a,False,46,57.25,2.05314487908,False,0.0,0.0833333333333
308,0_41,cognitive psychology,tflew,5,cognitive psychology_0,a,False,45,26.25,2.01083825617,True,0.0833333333333,0.1125
309,0_41,cognitive psychology,tflew,6,cognitive psychology_2,c,False,34,51.0,1.76297372017,False,0.375,0.0
310,0_41,cognitive psychology,tflew,7,cognitive psychology_3,a,False,50,45.25,1.87802916774,False,0.116666666667,0.208333333333
311,0_41,cognitive psychology,tflew,8,cognitive psychology_3,d,False,22,37.0,1.92587965836,True,0.194444444444,0.0
312,0_42,cognitive psychology,tflew,1,cognitive psychology_2,a,False,29,27.75,1.8689987572,False,0.125,0.0
313,0_42,cognitive psychology,tflew,2,cognitive psychology_3,a,False,50,61.25,1.50633131218,False,0.888888888889,0.75
314,0_42,cognitive psychology,tflew,3,cognitive psychology_0,b,False,55,14.0,1.90434828155,False,0.25,0.0
315,0_42,cognitive psychology,tflew,4,cognitive psychology_2,a,False,46,57.25,2.05314487908,False,0.0,0.0833333333333
316,0_42,cognitive psychology,tflew,5,cognitive psychology_0,a,False,45,26.25,2.01083825617,True,0.0833333333333,0.1125
317,0_42,cognitive psychology,tflew,6,cognitive psychology_2,c,False,34,51.0,1.76297372017,False,0.375,0.0
318,0_42,cognitive psychology,tflew,7,cognitive psychology_3,a,False,50,45.25,1.87802916774,False,0.116666666667,0.208333333333
319,0_42,cognitive psychology,tflew,8,cognitive psychology_3,d,False,22,37.0,1.92587965836,True,0.194444444444,0.0
320,0_43,cognitive psychology,tflew,1,cognitive psychology_2,a,False,29,27.75,1.8689987572,False,0.125,0.0
321,0_43,cognitive psychology,tflew,2,cognitive psychology_3,a,False,50,61.25,1.50633131218,False,0.888888888889,0.75
322,0_43,cognitive psychology,tflew,3,cognitive psychology_0,b,False,55,14.0,1.90434828155,False,0.25,0.0
323,0_43,cognitive psychology,tflew,4,cognitive psychology_2,a,False,46,57.25,2.05314487908,False,0.0,0.0833333333333
324,0_43,cognitive psychology,tflew,5,cognitive psychology_0,a,False,45,26.25,2.01083825617,True,0.0833333333333,0.1125
325,0_43,cognitive psychology,tflew,6,cognitive psychology_2,c,False,34,51.0,1.76297372017,False,0.375,0.0
326,0_43,cognitive psychology,tflew,7,cognitive psychology_3,a,False,50,45.25,1.87802916774,False,0.116666666667,0.208333333333
327,0_43,cognitive psychology,tflew,8,cognitive psychology_3,d,False,22,37.0,1.92587965836,True,0.194444444444,0.0
328,0_44,cognitive psychology,tflew,1,cognitive psychology_2,a,False,29,27.75,1.8689987572,False,0.125,0.0
329,0_44,cognitive psychology,tflew,2,cognitive psychology_3,a,False,50,61.25,1.50633131218,False,0.888888888889,0.75
330,0_44,cognitive psychology,tflew,3,cognitive psychology_0,b,False,55,14.0,1.90434828155,False,0.25,0.0
331,0_44,cognitive psychology,tflew,4,cognitive psychology_2,a,False,46,57.25,2.05314487908,False,0.0,0.0833333333333
332,0_44,cognitive psychology,tflew,5,cognitive psychology_0,a,False,45,26.25,2.01083825617,True,0.0833333333333,0.1125
333,0_44,cognitive psychology,tflew,6,cognitive psychology_2,c,False,34,51.0,1.76297372017,False,0.375,0.0
334,0_44,cognitive psychology,tflew,7,cognitive psychology_3,a,False,50,45.25,1.87802916774,False,0.116666666667,0.208333333333
335,0_44,cognitive psychology,tflew,8,cognitive psychology_3,d,False,22,37.0,1.92587965836,True,0.194444444444,0.0
336,0_45,cognitive psychology,tflew,1,cognitive psychology_2,a,False,29,27.75,1.8689987572,False,0.125,0.0
337,0_45,cognitive psychology,tflew,2,cognitive psychology_3,a,False,50,61.25,1.50633131218,False,0.888888888889,0.75
338,0_45,cognitive psychology,tflew,3,cognitive psychology_0,b,False,55,14.0,1.90434828155,False,0.25,0.0
339,0_45,cognitive psychology,tflew,4,cognitive psychology_2,a,False,46,57.25,2.05314487908,False,0.0,0.0833333333333
340,0_45,cognitive psychology,tflew,5,cognitive psychology_0,a,False,45,26.25,2.01083825617,True,0.0833333333333,0.1125
341,0_45,cognitive psychology,tflew,6,cognitive psychology_2,c,False,34,51.0,1.76297372017,False,0.375,0.0
342,0_45,cognitive psychology,tflew,7,cognitive psychology_3,a,False,50,45.25,1.87802916774,False,0.116666666667,0.208333333333
343,0_45,cognitive psychology,tflew,8,cognitive psychology_3,d,False,22,37.0,1.92587965836,True,0.194444444444,0.0
344,0_46,cognitive psychology,tflew,1,cognitive psychology_2,a,False,29,27.75,1.8689987572,False,0.125,0.0
345,0_46,cognitive psychology,tflew,2,cognitive psychology_3,a,False,50,61.25,1.50633131218,False,0.888888888889,0.75
346,0_46,cognitive psychology,tflew,3,cognitive psychology_0,b,False,55,14.0,1.90434828155,False,0.25,0.0
347,0_46,cognitive psychology,tflew,4,cognitive psychology_2,a,False,46,57.25,2.05314487908,False,0.0,0.0833333333333
348,0_46,cognitive psychology,tflew,5,cognitive psychology_0,a,False,45,26.25,2.01083825617,True,0.0833333333333,0.1125
349,0_46,cognitive psychology,tflew,6,cognitive psychology_2,c,False,34,51.0,1.76297372017,False,0.375,0.0
350,0_46,cognitive psychology,tflew,7,cognitive psychology_3,a,False,50,45.25,1.87802916774,False,0.116666666667,0.208333333333
351,0_46,cognitive psychology,tflew,8,cognitive psychology_3,d,False,22,37.0,1.92587965836,True,0.194444444444,0.0
352,0_47,cognitive psychology,tflew,1,cognitive psychology_2,a,False,29,27.75,1.8689987572,False,0.125,0.0
353,0_47,cognitive psychology,tflew,2,cognitive psychology_3,a,False,50,61.25,1.50633131218,False,0.888888888889,0.75
354,0_47,cognitive psychology,tflew,3,cognitive psychology_0,b,False,55,14.0,1.90434828155,False,0.25,0.0
355,0_47,cognitive psychology,tflew,4,cognitive psychology_2,a,False,46,57.25,2.05314487908,False,0.0,0.0833333333333
356,0_47,cognitive psychology,tflew,5,cognitive psychology_0,a,False,45,26.25,2.01083825617,True,0.0833333333333,0.1125
357,0_47,cognitive psychology,tflew,6,cognitive psychology_2,c,False,34,51.0,1.76297372017,False,0.375,0.0
358,0_47,cognitive psychology,tflew,7,cognitive psychology_3,a,False,50,45.25,1.87802916774,False,0.116666666667,0.208333333333
359,0_47,cognitive psychology,tflew,8,cognitive psychology_3,d,False,22,37.0,1.92587965836,True,0.194444444444,0.0
360,0_48,cognitive psychology,tflew,1,cognitive psychology_2,a,False,29,27.75,1.8689987572,False,0.125,0.0
361,0_48,cognitive psychology,tflew,2,cognitive psychology_3,a,False,50,61.25,1.50633131218,False,0.888888888889,0.75
362,0_48,cognitive psychology,tflew,3,cognitive psychology_0,b,False,55,14.0,1.90434828155,False,0.25,0.0
363,0_48,cognitive psychology,tflew,4,cognitive psychology_2,a,False,46,57.25,2.05314487908,False,0.0,0.0833333333333
364,0_48,cognitive psychology,tflew,5,cognitive psychology_0,a,False,45,26.25,2.01083825617,True,0.0833333333333,0.1125
365,0_48,cognitive psychology,tflew,6,cognitive psychology_2,c,False,34,51.0,1.76297372017,False,0.375,0.0
366,0_48,cognitive psychology,tflew,7,cognitive psychology_3,a,False,50,45.25,1.87802916774,False,0.116666666667,0.208333333333
367,0_48,cognitive psychology,tflew,8,cognitive psychology_3,d,False,22,37.0,1.92587965836,True,0.194444444444,0.0
368,0_49,cognitive psychology,tflew,1,cognitive psychology_2,a,False,29,27.75,1.8689987572,False,0.125,0.0
369,0_49,cognitive psychology,tflew,2,cognitive psychology_3,a,False,50,61.25,1.50633131218,False,0.888888888889,0.75
370,0_49,cognitive psychology,tflew,3,cognitive psychology_0,b,False,55,14.0,1.90434828155,False,0.25,0.0
371,0_49,cognitive psychology,tflew,4,cognitive psychology_2,a,False,46,57.25,2.05314487908,False,0.0,0.0833333333333
372,0_49,cognitive psychology,tflew,5,cognitive psychology_0,a,False,45,26.25,2.01083825617,True,0.0833333333333,0.1125
373,0_49,cognitive psychology,tflew,6,cognitive psychology_2,c,False,34,51.0,1.76297372017,False,0.375,0.0
374,0_49,cognitive psychology,tflew,7,cognitive psychology_3,a,False,50,45.25,1.87802916774,False,0.116666666667,0.208333333333
375,0_49,cognitive psychology,tflew,8,cognitive psychology_3,d,False,22,37.0,1.92587965836,True,0.194444444444,0.0
376,0_5,cognitive psychology,tflew,1,cognitive psychology_2,a,True,29,27.75,1.8689987572,False,0.125,0.0
377,0_5,cognitive psychology,tflew,2,cognitive psychology_3,a,True,50,61.25,1.50633131218,False,0.888888888889,0.75
378,0_5,cognitive psychology,tflew,3,cognitive psychology_0,b,True,55,14.0,1.90434828155,False,0.25,0.0
379,0_5,cognitive psychology,tflew,4,cognitive psychology_2,a,True,46,57.25,2.05314487908,False,0.0,0.0833333333333
380,0_5,cognitive psychology,tflew,5,cognitive psychology_0,a,True,45,26.25,2.01083825617,True,0.0833333333333,0.1125
381,0_5,cognitive psychology,tflew,6,cognitive psychology_2,c,False,34,51.0,1.76297372017,False,0.375,0.0
382,0_5,cognitive psychology,tflew,7,cognitive psychology_3,a,False,50,45.25,1.87802916774,False,0.116666666667,0.208333333333
383,0_5,cognitive psychology,tflew,8,cognitive psychology_3,d,False,22,37.0,1.92587965836,True,0.194444444444,0.0
384,0_50,cognitive psychology,tflew,1,cognitive psychology_2,a,False,29,27.75,1.8689987572,False,0.125,0.0
385,0_50,cognitive psychology,tflew,2,cognitive psychology_3,a,False,50,61.25,1.50633131218,False,0.888888888889,0.75
386,0_50,cognitive psychology,tflew,3,cognitive psychology_0,b,False,55,14.0,1.90434828155,False,0.25,0.0
387,0_50,cognitive psychology,tflew,4,cognitive psychology_2,a,False,46,57.25,2.05314487908,False,0.0,0.0833333333333
388,0_50,cognitive psychology,tflew,5,cognitive psychology_0,a,False,45,26.25,2.01083825617,True,0.0833333333333,0.1125
389,0_50,cognitive psychology,tflew,6,cognitive psychology_2,c,False,34,51.0,1.76297372017,False,0.375,0.0
390,0_50,cognitive psychology,tflew,7,cognitive psychology_3,a,False,50,45.25,1.87802916774,False,0.116666666667,0.208333333333
391,0_50,cognitive psychology,tflew,8,cognitive psychology_3,d,False,22,37.0,1.92587965836,True,0.194444444444,0.0
392,0_51,cognitive psychology,tflew,1,cognitive psychology_2,a,False,29,27.75,1.8689987572,False,0.125,0.0
393,0_51,cognitive psychology,tflew,2,cognitive psychology_3,a,False,50,61.25,1.50633131218,False,0.888888888889,0.75
394,0_51,cognitive psychology,tflew,3,cognitive psychology_0,b,False,55,14.0,1.90434828155,False,0.25,0.0
395,0_51,cognitive psychology,tflew,4,cognitive psychology_2,a,False,46,57.25,2.05314487908,False,0.0,0.0833333333333
396,0_51,cognitive psychology,tflew,5,cognitive psychology_0,a,False,45,26.25,2.01083825617,True,0.0833333333333,0.1125
397,0_51,cognitive psychology,tflew,6,cognitive psychology_2,c,False,34,51.0,1.76297372017,False,0.375,0.0
398,0_51,cognitive psychology,tflew,7,cognitive psychology_3,a,False,50,45.25,1.87802916774,False,0.116666666667,0.208333333333
399,0_51,cognitive psychology,tflew,8,cognitive psychology_3,d,False,22,37.0,1.92587965836,True,0.194444444444,0.0
400,0_52,cognitive psychology,tflew,1,cognitive psychology_2,a,False,29,27.75,1.8689987572,False,0.125,0.0
401,0_52,cognitive psychology,tflew,2,cognitive psychology_3,a,False,50,61.25,1.50633131218,False,0.888888888889,0.75
402,0_52,cognitive psychology,tflew,3,cognitive psychology_0,b,False,55,14.0,1.90434828155,False,0.25,0.0
403,0_52,cognitive psychology,tflew,4,cognitive psychology_2,a,False,46,57.25,2.05314487908,False,0.0,0.0833333333333
404,0_52,cognitive psychology,tflew,5,cognitive psychology_0,a,False,45,26.25,2.01083825617,True,0.0833333333333,0.1125
405,0_52,cognitive psychology,tflew,6,cognitive psychology_2,c,False,34,51.0,1.76297372017,False,0.375,0.0
406,0_52,cognitive psychology,tflew,7,cognitive psychology_3,a,False,50,45.25,1.87802916774,False,0.116666666667,0.208333333333
407,0_52,cognitive psychology,tflew,8,cognitive psychology_3,d,False,22,37.0,1.92587965836,True,0.194444444444,0.0
408,0_53,cognitive psychology,tflew,1,cognitive psychology_2,a,False,29,27.75,1.8689987572,False,0.125,0.0
409,0_53,cognitive psychology,tflew,2,cognitive psychology_3,a,False,50,61.25,1.50633131218,False,0.888888888889,0.75
410,0_53,cognitive psychology,tflew,3,cognitive psychology_0,b,False,55,14.0,1.90434828155,False,0.25,0.0
411,0_53,cognitive psychology,tflew,4,cognitive psychology_2,a,False,46,57.25,2.05314487908,False,0.0,0.0833333333333
412,0_53,cognitive psychology,tflew,5,cognitive psychology_0,a,False,45,26.25,2.01083825617,True,0.0833333333333,0.1125
413,0_53,cognitive psychology,tflew,6,cognitive psychology_2,c,False,34,51.0,1.76297372017,False,0.375,0.0
414,0_53,cognitive psychology,tflew,7,cognitive psychology_3,a,False,50,45.25,1.87802916774,False,0.116666666667,0.208333333333
415,0_53,cognitive psychology,tflew,8,cognitive psychology_3,d,False,22,37.0,1.92587965836,True,0.194444444444,0.0
416,0_54,cognitive psychology,tflew,1,cognitive psychology_2,a,False,29,27.75,1.8689987572,False,0.125,0.0
417,0_54,cognitive psychology,tflew,2,cognitive psychology_3,a,False,50,61.25,1.50633131218,False,0.888888888889,0.75
418,0_54,cognitive psychology,tflew,3,cognitive psychology_0,b,False,55,14.0,1.90434828155,False,0.25,0.0
419,0_54,cognitive psychology,tflew,4,cognitive psychology_2,a,False,46,57.25,2.05314487908,False,0.0,0.0833333333333
420,0_54,cognitive psychology,tflew,5,cognitive psychology_0,a,False,45,26.25,2.01083825617,True,0.0833333333333,0.1125
421,0_54,cognitive psychology,tflew,6,cognitive psychology_2,c,False,34,51.0,1.76297372017,False,0.375,0.0
422,0_54,cognitive psychology,tflew,7,cognitive psychology_3,a,False,50,45.25,1.87802916774,False,0.116666666667,0.208333333333
423,0_54,cognitive psychology,tflew,8,cognitive psychology_3,d,False,22,37.0,1.92587965836,True,0.194444444444,0.0
424,0_55,cognitive psychology,tflew,1,cognitive psychology_2,a,False,29,27.75,1.8689987572,False,0.125,0.0
425,0_55,cognitive psychology,tflew,2,cognitive psychology_3,a,False,50,61.25,1.50633131218,False,0.888888888889,0.75
426,0_55,cognitive psychology,tflew,3,cognitive psychology_0,b,False,55,14.0,1.90434828155,False,0.25,0.0
427,0_55,cognitive psychology,tflew,4,cognitive psychology_2,a,False,46,57.25,2.05314487908,False,0.0,0.0833333333333
428,0_55,cognitive psychology,tflew,5,cognitive psychology_0,a,False,45,26.25,2.01083825617,True,0.0833333333333,0.1125
429,0_55,cognitive psychology,tflew,6,cognitive psychology_2,c,False,34,51.0,1.76297372017,False,0.375,0.0
430,0_55,cognitive psychology,tflew,7,cognitive psychology_3,a,False,50,45.25,1.87802916774,False,0.116666666667,0.208333333333
431,0_55,cognitive psychology,tflew,8,cognitive psychology_3,d,False,22,37.0,1.92587965836,True,0.194444444444,0.0
432,0_56,cognitive psychology,tflew,1,cognitive psychology_2,a,False,29,27.75,1.8689987572,False,0.125,0.0
433,0_56,cognitive psychology,tflew,2,cognitive psychology_3,a,False,50,61.25,1.50633131218,False,0.888888888889,0.75
434,0_56,cognitive psychology,tflew,3,cognitive psychology_0,b,False,55,14.0,1.90434828155,False,0.25,0.0
435,0_56,cognitive psychology,tflew,4,cognitive psychology_2,a,False,46,57.25,2.05314487908,False,0.0,0.0833333333333
436,0_56,cognitive psychology,tflew,5,cognitive psychology_0,a,False,45,26.25,2.01083825617,True,0.0833333333333,0.1125
437,0_56,cognitive psychology,tflew,6,cognitive psychology_2,c,False,34,51.0,1.76297372017,False,0.375,0.0
438,0_56,cognitive psychology,tflew,7,cognitive psychology_3,a,False,50,45.25,1.87802916774,False,0.116666666667,0.208333333333
439,0_56,cognitive psychology,tflew,8,cognitive psychology_3,d,False,22,37.0,1.92587965836,True,0.194444444444,0.0
440,0_57,cognitive psychology,tflew,1,cognitive psychology_2,a,False,29,27.75,1.8689987572,False,0.125,0.0
441,0_57,cognitive psychology,tflew,2,cognitive psychology_3,a,False,50,61.25,1.50633131218,False,0.888888888889,0.75
442,0_57,cognitive psychology,tflew,3,cognitive psychology_0,b,False,55,14.0,1.90434828155,False,0.25,0.0
443,0_57,cognitive psychology,tflew,4,cognitive psychology_2,a,False,46,57.25,2.05314487908,False,0.0,0.0833333333333
444,0_57,cognitive psychology,tflew,5,cognitive psychology_0,a,False,45,26.25,2.01083825617,True,0.0833333333333,0.1125
445,0_57,cognitive psychology,tflew,6,cognitive psychology_2,c,False,34,51.0,1.76297372017,False,0.375,0.0
446,0_57,cognitive psychology,tflew,7,cognitive psychology_3,a,False,50,45.25,1.87802916774,False,0.116666666667,0.208333333333
447,0_57,cognitive psychology,tflew,8,cognitive psychology_3,d,False,22,37.0,1.92587965836,True,0.194444444444,0.0
448,0_58,cognitive psychology,tflew,1,cognitive psychology_2,a,False,29,27.75,1.8689987572,False,0.125,0.0
449,0_58,cognitive psychology,tflew,2,cognitive psychology_3,a,False,50,61.25,1.50633131218,False,0.888888888889,0.75
450,0_58,cognitive psychology,tflew,3,cognitive psychology_0,b,False,55,14.0,1.90434828155,False,0.25,0.0
451,0_58,cognitive psychology,tflew,4,cognitive psychology_2,a,False,46,57.25,2.05314487908,False,0.0,0.0833333333333
452,0_58,cognitive psychology,tflew,5,cognitive psychology_0,a,False,45,26.25,2.01083825617,True,0.0833333333333,0.1125
453,0_58,cognitive psychology,tflew,6,cognitive psychology_2,c,False,34,51.0,1.76297372017,False,0.375,0.0
454,0_58,cognitive psychology,tflew,7,cognitive psychology_3,a,False,50,45.25,1.87802916774,False,0.116666666667,0.208333333333
455,0_58,cognitive psychology,tflew,8,cognitive psychology_3,d,False,22,37.0,1.92587965836,True,0.194444444444,0.0
456,0_59,cognitive psychology,tflew,1,cognitive psychology_2,a,False,29,27.75,1.8689987572,False,0.125,0.0
457,0_59,cognitive psychology,tflew,2,cognitive psychology_3,a,False,50,61.25,1.50633131218,False,0.888888888889,0.75
458,0_59,cognitive psychology,tflew,3,cognitive psychology_0,b,False,55,14.0,1.90434828155,False,0.25,0.0
459,0_59,cognitive psychology,tflew,4,cognitive psychology_2,a,False,46,57.25,2.05314487908,False,0.0,0.0833333333333
460,0_59,cognitive psychology,tflew,5,cognitive psychology_0,a,False,45,26.25,2.01083825617,True,0.0833333333333,0.1125
461,0_59,cognitive psychology,tflew,6,cognitive psychology_2,c,False,34,51.0,1.76297372017,False,0.375,0.0
462,0_59,cognitive psychology,tflew,7,cognitive psychology_3,a,False,50,45.25,1.87802916774,False,0.116666666667,0.208333333333
463,0_59,cognitive psychology,tflew,8,cognitive psychology_3,d,False,22,37.0,1.92587965836,True,0.194444444444,0.0
464,0_6,cognitive psychology,tflew,1,cognitive psychology_2,a,False,29,27.75,1.8689987572,False,0.125,0.0
465,0_6,cognitive psychology,tflew,2,cognitive psychology_3,a,True,50,61.25,1.50633131218,False,0.888888888889,0.75
466,0_6,cognitive psychology,tflew,3,cognitive psychology_0,b,True,55,14.0,1.90434828155,False,0.25,0.0
467,0_6,cognitive psychology,tflew,4,cognitive psychology_2,a,True,46,57.25,2.05314487908,False,0.0,0.0833333333333
468,0_6,cognitive psychology,tflew,5,cognitive psychology_0,a,True,45,26.25,2.01083825617,True,0.0833333333333,0.1125
469,0_6,cognitive psychology,tflew,6,cognitive psychology_2,c,False,34,51.0,1.76297372017,False,0.375,0.0
470,0_6,cognitive psychology,tflew,7,cognitive psychology_3,a,False,50,45.25,1.87802916774,False,0.116666666667,0.208333333333
471,0_6,cognitive psychology,tflew,8,cognitive psychology_3,d,False,22,37.0,1.92587965836,True,0.194444444444,0.0
472,0_60,cognitive psychology,tflew,1,cognitive psychology_2,a,False,29,27.75,1.8689987572,False,0.125,0.0
473,0_60,cognitive psychology,tflew,2,cognitive psychology_3,a,False,50,61.25,1.50633131218,False,0.888888888889,0.75
474,0_60,cognitive psychology,tflew,3,cognitive psychology_0,b,False,55,14.0,1.90434828155,False,0.25,0.0
475,0_60,cognitive psychology,tflew,4,cognitive psychology_2,a,False,46,57.25,2.05314487908,False,0.0,0.0833333333333
476,0_60,cognitive psychology,tflew,5,cognitive psychology_0,a,False,45,26.25,2.01083825617,True,0.0833333333333,0.1125
477,0_60,cognitive psychology,tflew,6,cognitive psychology_2,c,False,34,51.0,1.76297372017,False,0.375,0.0
478,0_60,cognitive psychology,tflew,7,cognitive psychology_3,a,False,50,45.25,1.87802916774,False,0.116666666667,0.208333333333
479,0_60,cognitive psychology,tflew,8,cognitive psychology_3,d,False,22,37.0,1.92587965836,True,0.194444444444,0.0
480,0_61,cognitive psychology,tflew,1,cognitive psychology_2,a,False,29,27.75,1.8689987572,False,0.125,0.0
481,0_61,cognitive psychology,tflew,2,cognitive psychology_3,a,False,50,61.25,1.50633131218,False,0.888888888889,0.75
482,0_61,cognitive psychology,tflew,3,cognitive psychology_0,b,False,55,14.0,1.90434828155,False,0.25,0.0
483,0_61,cognitive psychology,tflew,4,cognitive psychology_2,a,False,46,57.25,2.05314487908,False,0.0,0.0833333333333
484,0_61,cognitive psychology,tflew,5,cognitive psychology_0,a,False,45,26.25,2.01083825617,True,0.0833333333333,0.1125
485,0_61,cognitive psychology,tflew,6,cognitive psychology_2,c,False,34,51.0,1.76297372017,False,0.375,0.0
486,0_61,cognitive psychology,tflew,7,cognitive psychology_3,a,False,50,45.25,1.87802916774,False,0.116666666667,0.208333333333
487,0_61,cognitive psychology,tflew,8,cognitive psychology_3,d,False,22,37.0,1.92587965836,True,0.194444444444,0.0
488,0_62,cognitive psychology,tflew,1,cognitive psychology_2,a,False,29,27.75,1.8689987572,False,0.125,0.0
489,0_62,cognitive psychology,tflew,2,cognitive psychology_3,a,False,50,61.25,1.50633131218,False,0.888888888889,0.75
490,0_62,cognitive psychology,tflew,3,cognitive psychology_0,b,False,55,14.0,1.90434828155,False,0.25,0.0
491,0_62,cognitive psychology,tflew,4,cognitive psychology_2,a,False,46,57.25,2.05314487908,False,0.0,0.0833333333333
492,0_62,cognitive psychology,tflew,5,cognitive psychology_0,a,False,45,26.25,2.01083825617,True,0.0833333333333,0.1125
493,0_62,cognitive psychology,tflew,6,cognitive psychology_2,c,False,34,51.0,1.76297372017,False,0.375,0.0
494,0_62,cognitive psychology,tflew,7,cognitive psychology_3,a,False,50,45.25,1.87802916774,False,0.116666666667,0.208333333333
495,0_62,cognitive psychology,tflew,8,cognitive psychology_3,d,False,22,37.0,1.92587965836,True,0.194444444444,0.0
496,0_63,cognitive psychology,tflew,1,cognitive psychology_2,a,False,29,27.75,1.8689987572,False,0.125,0.0
497,0_63,cognitive psychology,tflew,2,cognitive psychology_3,a,False,50,61.25,1.50633131218,False,0.888888888889,0.75
498,0_63,cognitive psychology,tflew,3,cognitive psychology_0,b,False,55,14.0,1.90434828155,False,0.25,0.0
499,0_63,cognitive psychology,tflew,4,cognitive psychology_2,a,False,46,57.25,2.05314487908,False,0.0,0.0833333333333
500,0_63,cognitive psychology,tflew,5,cognitive psychology_0,a,False,45,26.25,2.01083825617,True,0.0833333333333,0.1125
501,0_63,cognitive psychology,tflew,6,cognitive psychology_2,c,False,34,51.0,1.76297372017,False,0.375,0.0
502,0_63,cognitive psychology,tflew,7,cognitive psychology_3,a,False,50,45.25,1.87802916774,False,0.116666666667,0.208333333333
503,0_63,cognitive psychology,tflew,8,cognitive psychology_3,d,False,22,37.0,1.92587965836,True,0.194444444444,0.0
504,0_64,cognitive psychology,tflew,1,cognitive psychology_2,a,False,29,27.75,1.8689987572,False,0.125,0.0
505,0_64,cognitive psychology,tflew,2,cognitive psychology_3,a,False,50,61.25,1.50633131218,False,0.888888888889,0.75
506,0_64,cognitive psychology,tflew,3,cognitive psychology_0,b,False,55,14.0,1.90434828155,False,0.25,0.0
507,0_64,cognitive psychology,tflew,4,cognitive psychology_2,a,False,46,57.25,2.05314487908,False,0.0,0.0833333333333
508,0_64,cognitive psychology,tflew,5,cognitive psychology_0,a,False,45,26.25,2.01083825617,True,0.0833333333333,0.1125
509,0_64,cognitive psychology,tflew,6,cognitive psychology_2,c,False,34,51.0,1.76297372017,False,0.375,0.0
510,0_64,cognitive psychology,tflew,7,cognitive psychology_3,a,False,50,45.25,1.87802916774,False,0.116666666667,0.208333333333
511,0_64,cognitive psychology,tflew,8,cognitive psychology_3,d,False,22,37.0,1.92587965836,True,0.194444444444,0.0
512,0_65,cognitive psychology,tflew,1,cognitive psychology_2,a,False,29,27.75,1.8689987572,False,0.125,0.0
513,0_65,cognitive psychology,tflew,2,cognitive psychology_3,a,False,50,61.25,1.50633131218,False,0.888888888889,0.75
514,0_65,cognitive psychology,tflew,3,cognitive psychology_0,b,False,55,14.0,1.90434828155,False,0.25,0.0
515,0_65,cognitive psychology,tflew,4,cognitive psychology_2,a,False,46,57.25,2.05314487908,False,0.0,0.0833333333333
516,0_65,cognitive psychology,tflew,5,cognitive psychology_0,a,False,45,26.25,2.01083825617,True,0.0833333333333,0.1125
517,0_65,cognitive psychology,tflew,6,cognitive psychology_2,c,False,34,51.0,1.76297372017,False,0.375,0.0
518,0_65,cognitive psychology,tflew,7,cognitive psychology_3,a,False,50,45.25,1.87802916774,False,0.116666666667,0.208333333333
519,0_65,cognitive psychology,tflew,8,cognitive psychology_3,d,False,22,37.0,1.92587965836,True,0.194444444444,0.0
520,0_66,cognitive psychology,tflew,1,cognitive psychology_2,a,False,29,27.75,1.8689987572,False,0.125,0.0
521,0_66,cognitive psychology,tflew,2,cognitive psychology_3,a,False,50,61.25,1.50633131218,False,0.888888888889,0.75
522,0_66,cognitive psychology,tflew,3,cognitive psychology_0,b,False,55,14.0,1.90434828155,False,0.25,0.0
523,0_66,cognitive psychology,tflew,4,cognitive psychology_2,a,False,46,57.25,2.05314487908,False,0.0,0.0833333333333
524,0_66,cognitive psychology,tflew,5,cognitive psychology_0,a,False,45,26.25,2.01083825617,True,0.0833333333333,0.1125
525,0_66,cognitive psychology,tflew,6,cognitive psychology_2,c,False,34,51.0,1.76297372017,False,0.375,0.0
526,0_66,cognitive psychology,tflew,7,cognitive psychology_3,a,False,50,45.25,1.87802916774,False,0.116666666667,0.208333333333
527,0_66,cognitive psychology,tflew,8,cognitive psychology_3,d,False,22,37.0,1.92587965836,True,0.194444444444,0.0
528,0_67,cognitive psychology,tflew,1,cognitive psychology_2,a,False,29,27.75,1.8689987572,False,0.125,0.0
529,0_67,cognitive psychology,tflew,2,cognitive psychology_3,a,False,50,61.25,1.50633131218,False,0.888888888889,0.75
530,0_67,cognitive psychology,tflew,3,cognitive psychology_0,b,False,55,14.0,1.90434828155,False,0.25,0.0
531,0_67,cognitive psychology,tflew,4,cognitive psychology_2,a,False,46,57.25,2.05314487908,False,0.0,0.0833333333333
532,0_67,cognitive psychology,tflew,5,cognitive psychology_0,a,False,45,26.25,2.01083825617,True,0.0833333333333,0.1125
533,0_67,cognitive psychology,tflew,6,cognitive psychology_2,c,False,34,51.0,1.76297372017,False,0.375,0.0
534,0_67,cognitive psychology,tflew,7,cognitive psychology_3,a,False,50,45.25,1.87802916774,False,0.116666666667,0.208333333333
535,0_67,cognitive psychology,tflew,8,cognitive psychology_3,d,False,22,37.0,1.92587965836,True,0.194444444444,0.0
536,0_68,cognitive psychology,tflew,1,cognitive psychology_2,a,False,29,27.75,1.8689987572,False,0.125,0.0
537,0_68,cognitive psychology,tflew,2,cognitive psychology_3,a,False,50,61.25,1.50633131218,False,0.888888888889,0.75
538,0_68,cognitive psychology,tflew,3,cognitive psychology_0,b,False,55,14.0,1.90434828155,False,0.25,0.0
539,0_68,cognitive psychology,tflew,4,cognitive psychology_2,a,False,46,57.25,2.05314487908,False,0.0,0.0833333333333
540,0_68,cognitive psychology,tflew,5,cognitive psychology_0,a,False,45,26.25,2.01083825617,True,0.0833333333333,0.1125
541,0_68,cognitive psychology,tflew,6,cognitive psychology_2,c,False,34,51.0,1.76297372017,False,0.375,0.0
542,0_68,cognitive psychology,tflew,7,cognitive psychology_3,a,False,50,45.25,1.87802916774,False,0.116666666667,0.208333333333
543,0_68,cognitive psychology,tflew,8,cognitive psychology_3,d,False,22,37.0,1.92587965836,True,0.194444444444,0.0
544,0_69,cognitive psychology,tflew,1,cognitive psychology_2,a,False,29,27.75,1.8689987572,False,0.125,0.0
545,0_69,cognitive psychology,tflew,2,cognitive psychology_3,a,False,50,61.25,1.50633131218,False,0.888888888889,0.75
546,0_69,cognitive psychology,tflew,3,cognitive psychology_0,b,False,55,14.0,1.90434828155,False,0.25,0.0
547,0_69,cognitive psychology,tflew,4,cognitive psychology_2,a,False,46,57.25,2.05314487908,False,0.0,0.0833333333333
548,0_69,cognitive psychology,tflew,5,cognitive psychology_0,a,False,45,26.25,2.01083825617,True,0.0833333333333,0.1125
549,0_69,cognitive psychology,tflew,6,cognitive psychology_2,c,False,34,51.0,1.76297372017,False,0.375,0.0
550,0_69,cognitive psychology,tflew,7,cognitive psychology_3,a,False,50,45.25,1.87802916774,False,0.116666666667,0.208333333333
551,0_69,cognitive psychology,tflew,8,cognitive psychology_3,d,False,22,37.0,1.92587965836,True,0.194444444444,0.0
552,0_7,cognitive psychology,tflew,1,cognitive psychology_2,a,True,29,27.75,1.8689987572,False,0.125,0.0
553,0_7,cognitive psychology,tflew,2,cognitive psychology_3,a,False,50,61.25,1.50633131218,False,0.888888888889,0.75
554,0_7,cognitive psychology,tflew,3,cognitive psychology_0,b,False,55,14.0,1.90434828155,False,0.25,0.0
555,0_7,cognitive psychology,tflew,4,cognitive psychology_2,a,False,46,57.25,2.05314487908,False,0.0,0.0833333333333
556,0_7,cognitive psychology,tflew,5,cognitive psychology_0,a,True,45,26.25,2.01083825617,True,0.0833333333333,0.1125
557,0_7,cognitive psychology,tflew,6,cognitive psychology_2,c,False,34,51.0,1.76297372017,False,0.375,0.0
558,0_7,cognitive psychology,tflew,7,cognitive psychology_3,a,False,50,45.25,1.87802916774,False,0.116666666667,0.208333333333
559,0_7,cognitive psychology,tflew,8,cognitive psychology_3,d,False,22,37.0,1.92587965836,True,0.194444444444,0.0
560,0_70,cognitive psychology,tflew,1,cognitive psychology_2,a,False,29,27.75,1.8689987572,False,0.125,0.0
561,0_70,cognitive psychology,tflew,2,cognitive psychology_3,a,False,50,61.25,1.50633131218,False,0.888888888889,0.75
562,0_70,cognitive psychology,tflew,3,cognitive psychology_0,b,False,55,14.0,1.90434828155,False,0.25,0.0
563,0_70,cognitive psychology,tflew,4,cognitive psychology_2,a,False,46,57.25,2.05314487908,False,0.0,0.0833333333333
564,0_70,cognitive psychology,tflew,5,cognitive psychology_0,a,False,45,26.25,2.01083825617,True,0.0833333333333,0.1125
565,0_70,cognitive psychology,tflew,6,cognitive psychology_2,c,False,34,51.0,1.76297372017,False,0.375,0.0
566,0_70,cognitive psychology,tflew,7,cognitive psychology_3,a,False,50,45.25,1.87802916774,False,0.116666666667,0.208333333333
567,0_70,cognitive psychology,tflew,8,cognitive psychology_3,d,False,22,37.0,1.92587965836,True,0.194444444444,0.0
568,0_71,cognitive psychology,tflew,1,cognitive psychology_2,a,False,29,27.75,1.8689987572,False,0.125,0.0
569,0_71,cognitive psychology,tflew,2,cognitive psychology_3,a,False,50,61.25,1.50633131218,False,0.888888888889,0.75
570,0_71,cognitive psychology,tflew,3,cognitive psychology_0,b,False,55,14.0,1.90434828155,False,0.25,0.0
571,0_71,cognitive psychology,tflew,4,cognitive psychology_2,a,False,46,57.25,2.05314487908,False,0.0,0.0833333333333
572,0_71,cognitive psychology,tflew,5,cognitive psychology_0,a,False,45,26.25,2.01083825617,True,0.0833333333333,0.1125
573,0_71,cognitive psychology,tflew,6,cognitive psychology_2,c,False,34,51.0,1.76297372017,False,0.375,0.0
574,0_71,cognitive psychology,tflew,7,cognitive psychology_3,a,False,50,45.25,1.87802916774,False,0.116666666667,0.208333333333
575,0_71,cognitive psychology,tflew,8,cognitive psychology_3,d,False,22,37.0,1.92587965836,True,0.194444444444,0.0
576,0_72,cognitive psychology,tflew,1,cognitive psychology_2,a,False,29,27.75,1.8689987572,False,0.125,0.0
577,0_72,cognitive psychology,tflew,2,cognitive psychology_3,a,False,50,61.25,1.50633131218,False,0.888888888889,0.75
578,0_72,cognitive psychology,tflew,3,cognitive psychology_0,b,False,55,14.0,1.90434828155,False,0.25,0.0
579,0_72,cognitive psychology,tflew,4,cognitive psychology_2,a,False,46,57.25,2.05314487908,False,0.0,0.0833333333333
580,0_72,cognitive psychology,tflew,5,cognitive psychology_0,a,False,45,26.25,2.01083825617,True,0.0833333333333,0.1125
581,0_72,cognitive psychology,tflew,6,cognitive psychology_2,c,False,34,51.0,1.76297372017,False,0.375,0.0
582,0_72,cognitive psychology,tflew,7,cognitive psychology_3,a,False,50,45.25,1.87802916774,False,0.116666666667,0.208333333333
583,0_72,cognitive psychology,tflew,8,cognitive psychology_3,d,False,22,37.0,1.92587965836,True,0.194444444444,0.0
584,0_73,cognitive psychology,tflew,1,cognitive psychology_2,a,False,29,27.75,1.8689987572,False,0.125,0.0
585,0_73,cognitive psychology,tflew,2,cognitive psychology_3,a,False,50,61.25,1.50633131218,False,0.888888888889,0.75
586,0_73,cognitive psychology,tflew,3,cognitive psychology_0,b,False,55,14.0,1.90434828155,False,0.25,0.0
587,0_73,cognitive psychology,tflew,4,cognitive psychology_2,a,False,46,57.25,2.05314487908,False,0.0,0.0833333333333
588,0_73,cognitive psychology,tflew,5,cognitive psychology_0,a,False,45,26.25,2.01083825617,True,0.0833333333333,0.1125
589,0_73,cognitive psychology,tflew,6,cognitive psychology_2,c,False,34,51.0,1.76297372017,False,0.375,0.0
590,0_73,cognitive psychology,tflew,7,cognitive psychology_3,a,False,50,45.25,1.87802916774,False,0.116666666667,0.208333333333
591,0_73,cognitive psychology,tflew,8,cognitive psychology_3,d,False,22,37.0,1.92587965836,True,0.194444444444,0.0
592,0_74,cognitive psychology,tflew,1,cognitive psychology_2,a,False,29,27.75,1.8689987572,False,0.125,0.0
593,0_74,cognitive psychology,tflew,2,cognitive psychology_3,a,False,50,61.25,1.50633131218,False,0.888888888889,0.75
594,0_74,cognitive psychology,tflew,3,cognitive psychology_0,b,False,55,14.0,1.90434828155,False,0.25,0.0
595,0_74,cognitive psychology,tflew,4,cognitive psychology_2,a,False,46,57.25,2.05314487908,False,0.0,0.0833333333333
596,0_74,cognitive psychology,tflew,5,cognitive psychology_0,a,False,45,26.25,2.01083825617,True,0.0833333333333,0.1125
597,0_74,cognitive psychology,tflew,6,cognitive psychology_2,c,False,34,51.0,1.76297372017,False,0.375,0.0
598,0_74,cognitive psychology,tflew,7,cognitive psychology_3,a,False,50,45.25,1.87802916774,False,0.116666666667,0.208333333333
599,0_74,cognitive psychology,tflew,8,cognitive psychology_3,d,False,22,37.0,1.92587965836,True,0.194444444444,0.0
600,0_75,cognitive psychology,tflew,1,cognitive psychology_2,a,False,29,27.75,1.8689987572,False,0.125,0.0
601,0_75,cognitive psychology,tflew,2,cognitive psychology_3,a,False,50,61.25,1.50633131218,False,0.888888888889,0.75
602,0_75,cognitive psychology,tflew,3,cognitive psychology_0,b,False,55,14.0,1.90434828155,False,0.25,0.0
603,0_75,cognitive psychology,tflew,4,cognitive psychology_2,a,False,46,57.25,2.05314487908,False,0.0,0.0833333333333
604,0_75,cognitive psychology,tflew,5,cognitive psychology_0,a,False,45,26.25,2.01083825617,True,0.0833333333333,0.1125
605,0_75,cognitive psychology,tflew,6,cognitive psychology_2,c,False,34,51.0,1.76297372017,False,0.375,0.0
606,0_75,cognitive psychology,tflew,7,cognitive psychology_3,a,False,50,45.25,1.87802916774,False,0.116666666667,0.208333333333
607,0_75,cognitive psychology,tflew,8,cognitive psychology_3,d,False,22,37.0,1.92587965836,True,0.194444444444,0.0
608,0_76,cognitive psychology,tflew,1,cognitive psychology_2,a,False,29,27.75,1.8689987572,False,0.125,0.0
609,0_76,cognitive psychology,tflew,2,cognitive psychology_3,a,False,50,61.25,1.50633131218,False,0.888888888889,0.75
610,0_76,cognitive psychology,tflew,3,cognitive psychology_0,b,False,55,14.0,1.90434828155,False,0.25,0.0
611,0_76,cognitive psychology,tflew,4,cognitive psychology_2,a,False,46,57.25,2.05314487908,False,0.0,0.0833333333333
612,0_76,cognitive psychology,tflew,5,cognitive psychology_0,a,False,45,26.25,2.01083825617,True,0.0833333333333,0.1125
613,0_76,cognitive psychology,tflew,6,cognitive psychology_2,c,False,34,51.0,1.76297372017,False,0.375,0.0
614,0_76,cognitive psychology,tflew,7,cognitive psychology_3,a,False,50,45.25,1.87802916774,False,0.116666666667,0.208333333333
615,0_76,cognitive psychology,tflew,8,cognitive psychology_3,d,False,22,37.0,1.92587965836,True,0.194444444444,0.0
616,0_77,cognitive psychology,tflew,1,cognitive psychology_2,a,False,29,27.75,1.8689987572,False,0.125,0.0
617,0_77,cognitive psychology,tflew,2,cognitive psychology_3,a,False,50,61.25,1.50633131218,False,0.888888888889,0.75
618,0_77,cognitive psychology,tflew,3,cognitive psychology_0,b,False,55,14.0,1.90434828155,False,0.25,0.0
619,0_77,cognitive psychology,tflew,4,cognitive psychology_2,a,False,46,57.25,2.05314487908,False,0.0,0.0833333333333
620,0_77,cognitive psychology,tflew,5,cognitive psychology_0,a,False,45,26.25,2.01083825617,True,0.0833333333333,0.1125
621,0_77,cognitive psychology,tflew,6,cognitive psychology_2,c,False,34,51.0,1.76297372017,False,0.375,0.0
622,0_77,cognitive psychology,tflew,7,cognitive psychology_3,a,False,50,45.25,1.87802916774,False,0.116666666667,0.208333333333
623,0_77,cognitive psychology,tflew,8,cognitive psychology_3,d,False,22,37.0,1.92587965836,True,0.194444444444,0.0
624,0_78,cognitive psychology,tflew,1,cognitive psychology_2,a,False,29,27.75,1.8689987572,False,0.125,0.0
625,0_78,cognitive psychology,tflew,2,cognitive psychology_3,a,False,50,61.25,1.50633131218,False,0.888888888889,0.75
626,0_78,cognitive psychology,tflew,3,cognitive psychology_0,b,False,55,14.0,1.90434828155,False,0.25,0.0
627,0_78,cognitive psychology,tflew,4,cognitive psychology_2,a,False,46,57.25,2.05314487908,False,0.0,0.0833333333333
628,0_78,cognitive psychology,tflew,5,cognitive psychology_0,a,False,45,26.25,2.01083825617,True,0.0833333333333,0.1125
629,0_78,cognitive psychology,tflew,6,cognitive psychology_2,c,False,34,51.0,1.76297372017,False,0.375,0.0
630,0_78,cognitive psychology,tflew,7,cognitive psychology_3,a,False,50,45.25,1.87802916774,False,0.116666666667,0.208333333333
631,0_78,cognitive psychology,tflew,8,cognitive psychology_3,d,False,22,37.0,1.92587965836,True,0.194444444444,0.0
632,0_79,cognitive psychology,tflew,1,cognitive psychology_2,a,False,29,27.75,1.8689987572,False,0.125,0.0
633,0_79,cognitive psychology,tflew,2,cognitive psychology_3,a,False,50,61.25,1.50633131218,False,0.888888888889,0.75
634,0_79,cognitive psychology,tflew,3,cognitive psychology_0,b,False,55,14.0,1.90434828155,False,0.25,0.0
635,0_79,cognitive psychology,tflew,4,cognitive psychology_2,a,False,46,57.25,2.05314487908,False,0.0,0.0833333333333
636,0_79,cognitive psychology,tflew,5,cognitive psychology_0,a,False,45,26.25,2.01083825617,True,0.0833333333333,0.1125
637,0_79,cognitive psychology,tflew,6,cognitive psychology_2,c,False,34,51.0,1.76297372017,False,0.375,0.0
638,0_79,cognitive psychology,tflew,7,cognitive psychology_3,a,False,50,45.25,1.87802916774,False,0.116666666667,0.208333333333
639,0_79,cognitive psychology,tflew,8,cognitive psychology_3,d,False,22,37.0,1.92587965836,True,0.194444444444,0.0
640,0_8,cognitive psychology,tflew,1,cognitive psychology_2,a,True,29,27.75,1.8689987572,False,0.125,0.0
641,0_8,cognitive psychology,tflew,2,cognitive psychology_3,a,True,50,61.25,1.50633131218,False,0.888888888889,0.75
642,0_8,cognitive psychology,tflew,3,cognitive psychology_0,b,True,55,14.0,1.90434828155,False,0.25,0.0
643,0_8,cognitive psychology,tflew,4,cognitive psychology_2,a,True,46,57.25,2.05314487908,False,0.0,0.0833333333333
644,0_8,cognitive psychology,tflew,5,cognitive psychology_0,a,True,45,26.25,2.01083825617,True,0.0833333333333,0.1125
645,0_8,cognitive psychology,tflew,6,cognitive psychology_2,c,True,34,51.0,1.76297372017,False,0.375,0.0
646,0_8,cognitive psychology,tflew,7,cognitive psychology_3,a,False,50,45.25,1.87802916774,False,0.116666666667,0.208333333333
647,0_8,cognitive psychology,tflew,8,cognitive psychology_3,d,False,22,37.0,1.92587965836,True,0.194444444444,0.0
648,0_80,cognitive psychology,tflew,1,cognitive psychology_2,a,False,29,27.75,1.8689987572,False,0.125,0.0
649,0_80,cognitive psychology,tflew,2,cognitive psychology_3,a,False,50,61.25,1.50633131218,False,0.888888888889,0.75
650,0_80,cognitive psychology,tflew,3,cognitive psychology_0,b,False,55,14.0,1.90434828155,False,0.25,0.0
651,0_80,cognitive psychology,tflew,4,cognitive psychology_2,a,False,46,57.25,2.05314487908,False,0.0,0.0833333333333
652,0_80,cognitive psychology,tflew,5,cognitive psychology_0,a,False,45,26.25,2.01083825617,True,0.0833333333333,0.1125
653,0_80,cognitive psychology,tflew,6,cognitive psychology_2,c,False,34,51.0,1.76297372017,False,0.375,0.0
654,0_80,cognitive psychology,tflew,7,cognitive psychology_3,a,False,50,45.25,1.87802916774,False,0.116666666667,0.208333333333
655,0_80,cognitive psychology,tflew,8,cognitive psychology_3,d,False,22,37.0,1.92587965836,True,0.194444444444,0.0
656,0_81,cognitive psychology,tflew,1,cognitive psychology_2,a,False,29,27.75,1.8689987572,False,0.125,0.0
657,0_81,cognitive psychology,tflew,2,cognitive psychology_3,a,False,50,61.25,1.50633131218,False,0.888888888889,0.75
658,0_81,cognitive psychology,tflew,3,cognitive psychology_0,b,False,55,14.0,1.90434828155,False,0.25,0.0
659,0_81,cognitive psychology,tflew,4,cognitive psychology_2,a,False,46,57.25,2.05314487908,False,0.0,0.0833333333333
660,0_81,cognitive psychology,tflew,5,cognitive psychology_0,a,False,45,26.25,2.01083825617,True,0.0833333333333,0.1125
661,0_81,cognitive psychology,tflew,6,cognitive psychology_2,c,False,34,51.0,1.76297372017,False,0.375,0.0
662,0_81,cognitive psychology,tflew,7,cognitive psychology_3,a,False,50,45.25,1.87802916774,False,0.116666666667,0.208333333333
663,0_81,cognitive psychology,tflew,8,cognitive psychology_3,d,False,22,37.0,1.92587965836,True,0.194444444444,0.0
664,0_82,cognitive psychology,tflew,1,cognitive psychology_2,a,False,29,27.75,1.8689987572,False,0.125,0.0
665,0_82,cognitive psychology,tflew,2,cognitive psychology_3,a,False,50,61.25,1.50633131218,False,0.888888888889,0.75
666,0_82,cognitive psychology,tflew,3,cognitive psychology_0,b,False,55,14.0,1.90434828155,False,0.25,0.0
667,0_82,cognitive psychology,tflew,4,cognitive psychology_2,a,False,46,57.25,2.05314487908,False,0.0,0.0833333333333
668,0_82,cognitive psychology,tflew,5,cognitive psychology_0,a,False,45,26.25,2.01083825617,True,0.0833333333333,0.1125
669,0_82,cognitive psychology,tflew,6,cognitive psychology_2,c,False,34,51.0,1.76297372017,False,0.375,0.0
670,0_82,cognitive psychology,tflew,7,cognitive psychology_3,a,False,50,45.25,1.87802916774,False,0.116666666667,0.208333333333
671,0_82,cognitive psychology,tflew,8,cognitive psychology_3,d,False,22,37.0,1.92587965836,True,0.194444444444,0.0
672,0_83,cognitive psychology,tflew,1,cognitive psychology_2,a,False,29,27.75,1.8689987572,False,0.125,0.0
673,0_83,cognitive psychology,tflew,2,cognitive psychology_3,a,False,50,61.25,1.50633131218,False,0.888888888889,0.75
674,0_83,cognitive psychology,tflew,3,cognitive psychology_0,b,False,55,14.0,1.90434828155,False,0.25,0.0
675,0_83,cognitive psychology,tflew,4,cognitive psychology_2,a,False,46,57.25,2.05314487908,False,0.0,0.0833333333333
676,0_83,cognitive psychology,tflew,5,cognitive psychology_0,a,False,45,26.25,2.01083825617,True,0.0833333333333,0.1125
677,0_83,cognitive psychology,tflew,6,cognitive psychology_2,c,False,34,51.0,1.76297372017,False,0.375,0.0
678,0_83,cognitive psychology,tflew,7,cognitive psychology_3,a,False,50,45.25,1.87802916774,False,0.116666666667,0.208333333333
679,0_83,cognitive psychology,tflew,8,cognitive psychology_3,d,False,22,37.0,1.92587965836,True,0.194444444444,0.0
680,0_84,cognitive psychology,tflew,1,cognitive psychology_2,a,False,29,27.75,1.8689987572,False,0.125,0.0
681,0_84,cognitive psychology,tflew,2,cognitive psychology_3,a,False,50,61.25,1.50633131218,False,0.888888888889,0.75
682,0_84,cognitive psychology,tflew,3,cognitive psychology_0,b,False,55,14.0,1.90434828155,False,0.25,0.0
683,0_84,cognitive psychology,tflew,4,cognitive psychology_2,a,False,46,57.25,2.05314487908,False,0.0,0.0833333333333
684,0_84,cognitive psychology,tflew,5,cognitive psychology_0,a,False,45,26.25,2.01083825617,True,0.0833333333333,0.1125
685,0_84,cognitive psychology,tflew,6,cognitive psychology_2,c,False,34,51.0,1.76297372017,False,0.375,0.0
686,0_84,cognitive psychology,tflew,7,cognitive psychology_3,a,False,50,45.25,1.87802916774,False,0.116666666667,0.208333333333
687,0_84,cognitive psychology,tflew,8,cognitive psychology_3,d,False,22,37.0,1.92587965836,True,0.194444444444,0.0
688,0_85,cognitive psychology,tflew,1,cognitive psychology_2,a,False,29,27.75,1.8689987572,False,0.125,0.0
689,0_85,cognitive psychology,tflew,2,cognitive psychology_3,a,False,50,61.25,1.50633131218,False,0.888888888889,0.75
690,0_85,cognitive psychology,tflew,3,cognitive psychology_0,b,False,55,14.0,1.90434828155,False,0.25,0.0
691,0_85,cognitive psychology,tflew,4,cognitive psychology_2,a,False,46,57.25,2.05314487908,False,0.0,0.0833333333333
692,0_85,cognitive psychology,tflew,5,cognitive psychology_0,a,False,45,26.25,2.01083825617,True,0.0833333333333,0.1125
693,0_85,cognitive psychology,tflew,6,cognitive psychology_2,c,False,34,51.0,1.76297372017,False,0.375,0.0
694,0_85,cognitive psychology,tflew,7,cognitive psychology_3,a,False,50,45.25,1.87802916774,False,0.116666666667,0.208333333333
695,0_85,cognitive psychology,tflew,8,cognitive psychology_3,d,False,22,37.0,1.92587965836,True,0.194444444444,0.0
696,0_86,cognitive psychology,tflew,1,cognitive psychology_2,a,False,29,27.75,1.8689987572,False,0.125,0.0
697,0_86,cognitive psychology,tflew,2,cognitive psychology_3,a,False,50,61.25,1.50633131218,False,0.888888888889,0.75
698,0_86,cognitive psychology,tflew,3,cognitive psychology_0,b,False,55,14.0,1.90434828155,False,0.25,0.0
699,0_86,cognitive psychology,tflew,4,cognitive psychology_2,a,False,46,57.25,2.05314487908,False,0.0,0.0833333333333
700,0_86,cognitive psychology,tflew,5,cognitive psychology_0,a,False,45,26.25,2.01083825617,True,0.0833333333333,0.1125
701,0_86,cognitive psychology,tflew,6,cognitive psychology_2,c,False,34,51.0,1.76297372017,False,0.375,0.0
702,0_86,cognitive psychology,tflew,7,cognitive psychology_3,a,False,50,45.25,1.87802916774,False,0.116666666667,0.208333333333
703,0_86,cognitive psychology,tflew,8,cognitive psychology_3,d,False,22,37.0,1.92587965836,True,0.194444444444,0.0
704,0_87,cognitive psychology,tflew,1,cognitive psychology_2,a,False,29,27.75,1.8689987572,False,0.125,0.0
705,0_87,cognitive psychology,tflew,2,cognitive psychology_3,a,False,50,61.25,1.50633131218,False,0.888888888889,0.75
706,0_87,cognitive psychology,tflew,3,cognitive psychology_0,b,False,55,14.0,1.90434828155,False,0.25,0.0
707,0_87,cognitive psychology,tflew,4,cognitive psychology_2,a,False,46,57.25,2.05314487908,False,0.0,0.0833333333333
708,0_87,cognitive psychology,tflew,5,cognitive psychology_0,a,False,45,26.25,2.01083825617,True,0.0833333333333,0.1125
709,0_87,cognitive psychology,tflew,6,cognitive psychology_2,c,False,34,51.0,1.76297372017,False,0.375,0.0
710,0_87,cognitive psychology,tflew,7,cognitive psychology_3,a,False,50,45.25,1.87802916774,False,0.116666666667,0.208333333333
711,0_87,cognitive psychology,tflew,8,cognitive psychology_3,d,False,22,37.0,1.92587965836,True,0.194444444444,0.0
712,0_88,cognitive psychology,tflew,1,cognitive psychology_2,a,False,29,27.75,1.8689987572,False,0.125,0.0
713,0_88,cognitive psychology,tflew,2,cognitive psychology_3,a,False,50,61.25,1.50633131218,False,0.888888888889,0.75
714,0_88,cognitive psychology,tflew,3,cognitive psychology_0,b,False,55,14.0,1.90434828155,False,0.25,0.0
715,0_88,cognitive psychology,tflew,4,cognitive psychology_2,a,False,46,57.25,2.05314487908,False,0.0,0.0833333333333
716,0_88,cognitive psychology,tflew,5,cognitive psychology_0,a,False,45,26.25,2.01083825617,True,0.0833333333333,0.1125
717,0_88,cognitive psychology,tflew,6,cognitive psychology_2,c,False,34,51.0,1.76297372017,False,0.375,0.0
718,0_88,cognitive psychology,tflew,7,cognitive psychology_3,a,False,50,45.25,1.87802916774,False,0.116666666667,0.208333333333
719,0_88,cognitive psychology,tflew,8,cognitive psychology_3,d,False,22,37.0,1.92587965836,True,0.194444444444,0.0
720,0_89,cognitive psychology,tflew,1,cognitive psychology_2,a,False,29,27.75,1.8689987572,False,0.125,0.0
721,0_89,cognitive psychology,tflew,2,cognitive psychology_3,a,False,50,61.25,1.50633131218,False,0.888888888889,0.75
722,0_89,cognitive psychology,tflew,3,cognitive psychology_0,b,False,55,14.0,1.90434828155,False,0.25,0.0
723,0_89,cognitive psychology,tflew,4,cognitive psychology_2,a,False,46,57.25,2.05314487908,False,0.0,0.0833333333333
724,0_89,cognitive psychology,tflew,5,cognitive psychology_0,a,False,45,26.25,2.01083825617,True,0.0833333333333,0.1125
725,0_89,cognitive psychology,tflew,6,cognitive psychology_2,c,False,34,51.0,1.76297372017,False,0.375,0.0
726,0_89,cognitive psychology,tflew,7,cognitive psychology_3,a,False,50,45.25,1.87802916774,False,0.116666666667,0.208333333333
727,0_89,cognitive psychology,tflew,8,cognitive psychology_3,d,False,22,37.0,1.92587965836,True,0.194444444444,0.0
728,0_9,cognitive psychology,tflew,1,cognitive psychology_2,a,False,29,27.75,1.8689987572,False,0.125,0.0
729,0_9,cognitive psychology,tflew,2,cognitive psychology_3,a,True,50,61.25,1.50633131218,False,0.888888888889,0.75
730,0_9,cognitive psychology,tflew,3,cognitive psychology_0,b,False,55,14.0,1.90434828155,False,0.25,0.0
731,0_9,cognitive psychology,tflew,4,cognitive psychology_2,a,True,46,57.25,2.05314487908,False,0.0,0.0833333333333
732,0_9,cognitive psychology,tflew,5,cognitive psychology_0,a,True,45,26.25,2.01083825617,True,0.0833333333333,0.1125
733,0_9,cognitive psychology,tflew,6,cognitive psychology_2,c,False,34,51.0,1.76297372017,False,0.375,0.0
734,0_9,cognitive psychology,tflew,7,cognitive psychology_3,a,False,50,45.25,1.87802916774,False,0.116666666667,0.208333333333
735,0_9,cognitive psychology,tflew,8,cognitive psychology_3,d,False,22,37.0,1.92587965836,True,0.194444444444,0.0
736,0_90,cognitive psychology,tflew,1,cognitive psychology_2,a,False,29,27.75,1.8689987572,False,0.125,0.0
737,0_90,cognitive psychology,tflew,2,cognitive psychology_3,a,False,50,61.25,1.50633131218,False,0.888888888889,0.75
738,0_90,cognitive psychology,tflew,3,cognitive psychology_0,b,False,55,14.0,1.90434828155,False,0.25,0.0
739,0_90,cognitive psychology,tflew,4,cognitive psychology_2,a,False,46,57.25,2.05314487908,False,0.0,0.0833333333333
740,0_90,cognitive psychology,tflew,5,cognitive psychology_0,a,False,45,26.25,2.01083825617,True,0.0833333333333,0.1125
741,0_90,cognitive psychology,tflew,6,cognitive psychology_2,c,False,34,51.0,1.76297372017,False,0.375,0.0
742,0_90,cognitive psychology,tflew,7,cognitive psychology_3,a,False,50,45.25,1.87802916774,False,0.116666666667,0.208333333333
743,0_90,cognitive psychology,tflew,8,cognitive psychology_3,d,False,22,37.0,1.92587965836,True,0.194444444444,0.0
744,0_91,cognitive psychology,tflew,1,cognitive psychology_2,a,False,29,27.75,1.8689987572,False,0.125,0.0
745,0_91,cognitive psychology,tflew,2,cognitive psychology_3,a,False,50,61.25,1.50633131218,False,0.888888888889,0.75
746,0_91,cognitive psychology,tflew,3,cognitive psychology_0,b,False,55,14.0,1.90434828155,False,0.25,0.0
747,0_91,cognitive psychology,tflew,4,cognitive psychology_2,a,False,46,57.25,2.05314487908,False,0.0,0.0833333333333
748,0_91,cognitive psychology,tflew,5,cognitive psychology_0,a,False,45,26.25,2.01083825617,True,0.0833333333333,0.1125
749,0_91,cognitive psychology,tflew,6,cognitive psychology_2,c,False,34,51.0,1.76297372017,False,0.375,0.0
750,0_91,cognitive psychology,tflew,7,cognitive psychology_3,a,False,50,45.25,1.87802916774,False,0.116666666667,0.208333333333
751,0_91,cognitive psychology,tflew,8,cognitive psychology_3,d,False,22,37.0,1.92587965836,True,0.194444444444,0.0
752,0_92,cognitive psychology,tflew,1,cognitive psychology_2,a,False,29,27.75,1.8689987572,False,0.125,0.0
753,0_92,cognitive psychology,tflew,2,cognitive psychology_3,a,False,50,61.25,1.50633131218,False,0.888888888889,0.75
754,0_92,cognitive psychology,tflew,3,cognitive psychology_0,b,False,55,14.0,1.90434828155,False,0.25,0.0
755,0_92,cognitive psychology,tflew,4,cognitive psychology_2,a,False,46,57.25,2.05314487908,False,0.0,0.0833333333333
756,0_92,cognitive psychology,tflew,5,cognitive psychology_0,a,False,45,26.25,2.01083825617,True,0.0833333333333,0.1125
757,0_92,cognitive psychology,tflew,6,cognitive psychology_2,c,False,34,51.0,1.76297372017,False,0.375,0.0
758,0_92,cognitive psychology,tflew,7,cognitive psychology_3,a,False,50,45.25,1.87802916774,False,0.116666666667,0.208333333333
759,0_92,cognitive psychology,tflew,8,cognitive psychology_3,d,False,22,37.0,1.92587965836,True,0.194444444444,0.0
760,0_93,cognitive psychology,tflew,1,cognitive psychology_2,a,False,29,27.75,1.8689987572,False,0.125,0.0
761,0_93,cognitive psychology,tflew,2,cognitive psychology_3,a,False,50,61.25,1.50633131218,False,0.888888888889,0.75
762,0_93,cognitive psychology,tflew,3,cognitive psychology_0,b,False,55,14.0,1.90434828155,False,0.25,0.0
763,0_93,cognitive psychology,tflew,4,cognitive psychology_2,a,False,46,57.25,2.05314487908,False,0.0,0.0833333333333
764,0_93,cognitive psychology,tflew,5,cognitive psychology_0,a,False,45,26.25,2.01083825617,True,0.0833333333333,0.1125
765,0_93,cognitive psychology,tflew,6,cognitive psychology_2,c,False,34,51.0,1.76297372017,False,0.375,0.0
766,0_93,cognitive psychology,tflew,7,cognitive psychology_3,a,False,50,45.25,1.87802916774,False,0.116666666667,0.208333333333
767,0_93,cognitive psychology,tflew,8,cognitive psychology_3,d,False,22,37.0,1.92587965836,True,0.194444444444,0.0
768,0_94,cognitive psychology,tflew,1,cognitive psychology_2,a,False,29,27.75,1.8689987572,False,0.125,0.0
769,0_94,cognitive psychology,tflew,2,cognitive psychology_3,a,False,50,61.25,1.50633131218,False,0.888888888889,0.75
770,0_94,cognitive psychology,tflew,3,cognitive psychology_0,b,False,55,14.0,1.90434828155,False,0.25,0.0
771,0_94,cognitive psychology,tflew,4,cognitive psychology_2,a,False,46,57.25,2.05314487908,False,0.0,0.0833333333333
772,0_94,cognitive psychology,tflew,5,cognitive psychology_0,a,False,45,26.25,2.01083825617,True,0.0833333333333,0.1125
773,0_94,cognitive psychology,tflew,6,cognitive psychology_2,c,False,34,51.0,1.76297372017,False,0.375,0.0
774,0_94,cognitive psychology,tflew,7,cognitive psychology_3,a,False,50,45.25,1.87802916774,False,0.116666666667,0.208333333333
775,0_94,cognitive psychology,tflew,8,cognitive psychology_3,d,False,22,37.0,1.92587965836,True,0.194444444444,0.0
776,0_95,cognitive psychology,tflew,1,cognitive psychology_2,a,False,29,27.75,1.8689987572,False,0.125,0.0
777,0_95,cognitive psychology,tflew,2,cognitive psychology_3,a,False,50,61.25,1.50633131218,False,0.888888888889,0.75
778,0_95,cognitive psychology,tflew,3,cognitive psychology_0,b,False,55,14.0,1.90434828155,False,0.25,0.0
779,0_95,cognitive psychology,tflew,4,cognitive psychology_2,a,False,46,57.25,2.05314487908,False,0.0,0.0833333333333
780,0_95,cognitive psychology,tflew,5,cognitive psychology_0,a,False,45,26.25,2.01083825617,True,0.0833333333333,0.1125
781,0_95,cognitive psychology,tflew,6,cognitive psychology_2,c,False,34,51.0,1.76297372017,False,0.375,0.0
782,0_95,cognitive psychology,tflew,7,cognitive psychology_3,a,False,50,45.25,1.87802916774,False,0.116666666667,0.208333333333
783,0_95,cognitive psychology,tflew,8,cognitive psychology_3,d,False,22,37.0,1.92587965836,True,0.194444444444,0.0
784,0_96,cognitive psychology,tflew,1,cognitive psychology_2,a,False,29,27.75,1.8689987572,False,0.125,0.0
785,0_96,cognitive psychology,tflew,2,cognitive psychology_3,a,False,50,61.25,1.50633131218,False,0.888888888889,0.75
786,0_96,cognitive psychology,tflew,3,cognitive psychology_0,b,False,55,14.0,1.90434828155,False,0.25,0.0
787,0_96,cognitive psychology,tflew,4,cognitive psychology_2,a,False,46,57.25,2.05314487908,False,0.0,0.0833333333333
788,0_96,cognitive psychology,tflew,5,cognitive psychology_0,a,False,45,26.25,2.01083825617,True,0.0833333333333,0.1125
789,0_96,cognitive psychology,tflew,6,cognitive psychology_2,c,False,34,51.0,1.76297372017,False,0.375,0.0
790,0_96,cognitive psychology,tflew,7,cognitive psychology_3,a,False,50,45.25,1.87802916774,False,0.116666666667,0.208333333333
791,0_96,cognitive psychology,tflew,8,cognitive psychology_3,d,False,22,37.0,1.92587965836,True,0.194444444444,0.0
792,0_97,cognitive psychology,tflew,1,cognitive psychology_2,a,False,29,27.75,1.8689987572,False,0.125,0.0
793,0_97,cognitive psychology,tflew,2,cognitive psychology_3,a,False,50,61.25,1.50633131218,False,0.888888888889,0.75
794,0_97,cognitive psychology,tflew,3,cognitive psychology_0,b,False,55,14.0,1.90434828155,False,0.25,0.0
795,0_97,cognitive psychology,tflew,4,cognitive psychology_2,a,False,46,57.25,2.05314487908,False,0.0,0.0833333333333
796,0_97,cognitive psychology,tflew,5,cognitive psychology_0,a,False,45,26.25,2.01083825617,True,0.0833333333333,0.1125
797,0_97,cognitive psychology,tflew,6,cognitive psychology_2,c,False,34,51.0,1.76297372017,False,0.375,0.0
798,0_97,cognitive psychology,tflew,7,cognitive psychology_3,a,False,50,45.25,1.87802916774,False,0.116666666667,0.208333333333
799,0_97,cognitive psychology,tflew,8,cognitive psychology_3,d,False,22,37.0,1.92587965836,True,0.194444444444,0.0
800,0_98,cognitive psychology,tflew,1,cognitive psychology_2,a,False,29,27.75,1.8689987572,False,0.125,0.0
801,0_98,cognitive psychology,tflew,2,cognitive psychology_3,a,False,50,61.25,1.50633131218,False,0.888888888889,0.75
802,0_98,cognitive psychology,tflew,3,cognitive psychology_0,b,False,55,14.0,1.90434828155,False,0.25,0.0
803,0_98,cognitive psychology,tflew,4,cognitive psychology_2,a,False,46,57.25,2.05314487908,False,0.0,0.0833333333333
804,0_98,cognitive psychology,tflew,5,cognitive psychology_0,a,False,45,26.25,2.01083825617,True,0.0833333333333,0.1125
805,0_98,cognitive psychology,tflew,6,cognitive psychology_2,c,False,34,51.0,1.76297372017,False,0.375,0.0
806,0_98,cognitive psychology,tflew,7,cognitive psychology_3,a,False,50,45.25,1.87802916774,False,0.116666666667,0.208333333333
807,0_98,cognitive psychology,tflew,8,cognitive psychology_3,d,False,22,37.0,1.92587965836,True,0.194444444444,0.0
808,0_99,cognitive psychology,tflew,1,cognitive psychology_2,a,False,29,27.75,1.8689987572,False,0.125,0.0
809,0_99,cognitive psychology,tflew,2,cognitive psychology_3,a,False,50,61.25,1.50633131218,False,0.888888888889,0.75
810,0_99,cognitive psychology,tflew,3,cognitive psychology_0,b,False,55,14.0,1.90434828155,False,0.25,0.0
811,0_99,cognitive psychology,tflew,4,cognitive psychology_2,a,False,46,57.25,2.05314487908,False,0.0,0.0833333333333
812,0_99,cognitive psychology,tflew,5,cognitive psychology_0,a,False,45,26.25,2.01083825617,True,0.0833333333333,0.1125
813,0_99,cognitive psychology,tflew,6,cognitive psychology_2,c,False,34,51.0,1.76297372017,False,0.375,0.0
814,0_99,cognitive psychology,tflew,7,cognitive psychology_3,a,False,50,45.25,1.87802916774,False,0.116666666667,0.208333333333
815,0_99,cognitive psychology,tflew,8,cognitive psychology_3,d,False,22,37.0,1.92587965836,True,0.194444444444,0.0
